w,c,zh,en,us,core,ex,exz
come,op,"来,前来",move toward the speaker or a place,/kʌm/,朝说话者或目标靠近，让彼此距离变短。,Come here when you're ready.,准备好了就过来。
get,op,"得到,获得;变得","obtain, become, or receive",/ɡɛt/,把东西收到手里，或让状态变成新的样子。,I'll get a new book tomorrow.,我明天会买本新书。
give,op,"给,赠予",transfer something to another,/ɡɪv/,把自己这边的东西交到别人那边，让所有权换手。,Please give me your hand.,请把手伸给我。
go,op,"去,离开",move away or proceed,/ɡoʊ/,离开当前位置，朝另一个地方移动过去。,We go to school every day.,我们每天都去学校。
keep,op,"保持,保留",hold or maintain in a state,/kip/,把东西或状态留住，不让它跑掉或改变。,"Keep the door open, please.",请让门开着。
let,op,"让,允许",allow or permit,/lɛt/,把拦住的门打开，让别人可以自由去做某事。,Let me try it once more.,让我再试一次。
make,op,"做,制造","create, build, or cause",/meɪk/,动手造成一个东西，或让事情变成某种样子。,She made a cake for us.,她为我们做了个蛋糕。
put,op,"放,置",place in a position,/pʊt/,把东西安放到某个位置上，让它停在那里。,Put the book on the table.,把书放在桌上。
seem,op,"似乎,看起来",appear or give the impression,/sim/,外表给人一种感觉，像是某种情况正在那里。,You seem tired today.,你今天看起来很累。
take,op,"拿,带走","grasp, carry, or accept",/teɪk/,伸手拿住并带走，或把递来的东西接过来。,Take this letter to her.,把这封信带给她。
be,op,"是,存在",exist or have a state,/bi/,人或东西就在那里，并处在某种样子里。,To be or not to be.,生存还是毁灭。
do,op,"做,执行",perform an action,/du/,把想做的事落到手上，真的动起来完成它。,Do your work first.,先做你的工作。
have,op,"有,拥有",possess or hold,"/hæv/, /həv/",某物在自己这边，归自己掌握或随身带着。,I have two sisters.,我有两个姐妹。
say,op,"说,讲",speak or state aloud,/seɪ/,把心里的话用声音或文字送到外面，让别人接到。,What did you say to him?,你对他说了什么?
see,op,"看见,理解",perceive with eyes or mind,/si/,眼睛接住画面，心里也可能跟着看明白。,I see what you mean.,我明白你的意思了。
send,op,"送,寄",cause to go or be delivered,/sɛnd/,让人或东西从这里出发，去到指定的另一边。,Send the parcel by post.,通过邮寄把包裹寄出去。
may,op,"可以,可能",possibility or permission,/meɪ/,门没有关死，事情有机会发生，也可能被允许。,You may go now.,你现在可以走了。
will,op,"将,会",future or intention,"/wɪl/, /wəl/",意愿或安排朝将来伸出去，准备在那里发生。,I will help you.,我会帮你的。
about,op,"关于,大约",concerning or approximately,/əˈbaʊt/,话题围着某件事转，数量也可能只在附近。,Tell me about your trip.,跟我说说你的旅行。
across,op,"穿过,横越",from one side to another,/əˈkɹɔs/,从一边横过去，穿过中间来到另一边那头。,Walk across the bridge.,从桥上走过去。
after,op,在...之后,later in time or behind,/ˈæftɝ/,跟在某时某物后面，顺序落在它的后头。,Come after lunch.,午饭后过来。
against,op,"反对,靠着",in opposition to or touching,"/əˈɡenst/, /əˈɡeɪnst/",迎着相反力量顶上去，或身体贴到某物上。,The ladder leans against the wall.,梯子靠在墙上。
among,op,在...之中,in the middle of a group,/əˈmʌŋ/,被一群人或物围住，落在它们中间的位置。,She is popular among her friends.,她在朋友中很受欢迎。
at,op,"在,于",specific location or time,"/æt/, /ət/",把目光钉在一个精确的点上，可能是地点或时刻。,Meet me at the station.,在车站见我。
before,op,在...之前,earlier in time or position,/ˌbiˈfɔɹ/,排在某事前面，时间或位置都更早一些。,Wash hands before eating.,吃饭前先洗手。
between,op,在...之间,in the space separating two things,/bitˈwin/,落在两个东西中间，被两边夹在当中位置。,Sit between us.,坐在我们中间。
by,op,"通过,在旁","via, near, or no later than",/baɪ/,靠在某处旁边，或借某条路、某个人完成。,The book was written by her.,这本书是她写的。
down,op,"向下,在下",to or in a lower position,/daʊn/,朝低处去，位置顺着方向一点点往下落。,"Sit down, please.",请坐下。
from,op,"从,来自",indicating origin or starting point,/frəm/,离开起点，带着来源的痕迹一路向外出来。,I come from China.,我来自中国。
in,op,在...里,inside or within,/ɪn/,被放进里面，处在边界包住的空间之中。,She is in the room.,她在房间里。
off,op,"离开,关",away from or disconnected,/ɔf/,从接触处脱开，离开原来的连接或开关。,Turn off the light.,把灯关掉。
on,op,"在...上,开",in contact with the surface,/ɑn/,贴在表面上，或让机器进入工作状态里。,The cat is on the chair.,猫在椅子上。
over,op,"在...上方,超过",above or more than,/ˈoʊvɝ/,在上方越过，或数量盖过某个限度线之上。,The plane flew over the city.,飞机飞过城市上空。
through,op,"穿过,通过",from one side to the other,/θɹu/,从里面穿过去，一头进去再从另一头出来。,Walk through the door.,穿过那扇门。
to,op,"到,向",toward or until,"/tu/, /tə/",朝目标走去，方向一直指到某个终点那里。,I'm going to bed.,我要去睡觉了。
under,op,在...下,beneath or lower than,/ˈʌndɝ/,压在或藏在下方，被上面的东西盖住遮住。,The cat hides under the bed.,猫藏在床下。
up,op,向上,to or in a higher position,/ʌp/,朝高处去，位置顺着方向一点点往上升。,Look up at the sky.,抬头看天空。
with,op,和...一起,together or accompanied by,"/wɪð/, /wɪθ/",和某人某物在一起，动作或状态彼此相伴。,Come with me.,跟我来。
as,op,"作为,当...时",in the role of or while,"/æz/, /əz/",把人或事放进某个身份、样子，或同一时间里。,He works as a teacher.,他当老师。
for,op,"为了,因为",intended for or because of,"/fɔɹ/, /fɚ/",心思或用途朝向某人某事，背后带着原因。,This gift is for you.,这礼物是给你的。
of,op,...的,belonging to or related to,"/ʌv/, /əv/",把一个东西连到它的所属、来源或组成上。,A friend of mine.,我的一个朋友。
till,op,直到,up to a certain time,/tɪl/,时间一路延到某个点，到了那里才停下来。,Wait till noon.,等到中午。
than,op,比,used in comparisons,"/ðæn/, /ðən/",把两边拉出来比较，看哪一边更怎样一些。,She is taller than me.,她比我高。
a,op,一个,"indefinite article, one of","/ə/, /eɪ/",从同类中随手拎出一个，不指定具体是哪一个。,I saw a dog.,我看见一只狗。
the,op,"那个,这个","definite article, specific","/ðə/, /ðiː/",手指点向已知道的那一个，不是随便一个。,The book is on the desk.,那本书在桌上。
all,op,"全部,所有",the whole quantity of,/ɔl/,把一整堆都收进来，一个也不落在外面。,All children love play.,所有孩子都爱玩。
any,op,任何,"one or some, no matter which",/ˈɛni/,随便哪一个都可以，不需要先挑定对象。,Do you have any money?,你有钱吗?
every,op,每个,each one without exception,/ˈɛvɝi/,一个接一个全算进去，没有任何一个漏掉。,Every day brings hope.,每天都带来希望。
little,op,"少,小",small in amount or size,/ˈlɪtəl/,数量或尺寸很小，只占很少的一点点空间。,Add a little salt.,加一点点盐。
much,op,"许多,大量",a large amount of,/mʌtʃ/,量堆得很多，感觉分量很足很满很重。,Thank you very much.,非常感谢你。
no,op,"不,没有",negation or refusal,/noʊ/,把可能性关掉，留下空无、拒绝或不存在。,No water is left.,没有水剩下了。
other,op,"其他的,另外的",different or additional,/ˈʌðɝ/,从眼前这个换到另一个不同的对象那边。,Try the other door.,试试另一扇门。
some,op,一些,an unspecified amount,/sʌm/,拿出一点或几个，但不把全部数量说清楚。,Have some tea.,喝点茶吧。
such,op,这样的,of that kind or degree,/sʌtʃ/,把眼前东西归到这种样子、这种程度里。,Such a kind man!,多么善良的人啊!
that,op,那个,referring to something distant,"/ðæt/, /ðət/",手指向较远处，或指回已经提到的那个东西。,That book is mine.,那本书是我的。
this,op,这个,referring to something near,/ðɪs/,手指向眼前近处，或正在谈的这个东西。,This is my house.,这是我家。
I,op,我,the speaker himself or herself,/aɪ/,说话的人把自己放在句子中心，从自己出发。,I love reading.,我喜欢阅读。
he,op,他,a male person previously mentioned,/hi/,把话里的男性单独拎出来，继续指向他。,He is my brother.,他是我兄弟。
you,op,"你,你们",the person spoken to,"/ju/, /jə/",说话时把目光对准听话的人，让话落到对方身上。,You are very kind.,你真好。
who,op,谁,asking which person,/hu/,把问题投向某个人，追问到底是哪一位。,Who is that man?,那个人是谁?
and,op,"和,与",connecting two similar things,"/ænd/, /ənd/",把两个想法或东西并排接上，让它们同在。,Tom and Jerry.,汤姆和杰瑞。
because,op,因为,giving a reason,/bɪˈkɑz/,在事情后面接上一条原因，说明为什么会这样。,I'm late because of traffic.,我迟到是因为堵车。
but,op,但是,introducing a contrast,/bʌt/,前后方向忽然一转，后面挡住前面的预期。,Small but strong.,小但强壮。
or,op,或者,presenting alternatives,"/ɔɹ/, /ɚ/",摆出几条可能的路，让人从中挑选一条。,Tea or coffee?,茶还是咖啡?
if,op,如果,introducing a condition,/ɪf/,先放一个条件，条件成立时事情才往下走。,"If it rains, stay home.",如果下雨就待在家。
though,op,尽管,despite the fact that,/ðoʊ/,先承认阻碍还在，事情却仍然照样发生。,"Though tired, she smiled.","尽管累,她还是笑了。"
while,op,"当...时,虽然",during the time that,/waɪl/,两件事在同一段时间里一起并行发生。,Read while you eat.,边吃边读。
how,op,"怎样,如何",in what way or manner,/haʊ/,追问动作走哪条路、用什么方式完成它。,How do you do it?,你是怎么做的?
when,op,什么时候,at what time,/wɛn/,把问题钉到时间点上，问事情何时发生。,When did you arrive?,你什么时候到的?
where,op,在哪里,in or at what place,/wɛɹ/,把问题钉到地点上，问东西到底落在哪里。,Where is the key?,钥匙在哪儿?
why,op,为什么,for what reason,/waɪ/,往事情背后追，寻找推动它发生的原因。,Why are you sad?,你为什么难过?
again,op,再一次,one more time,"/əˈɡen/, /əˈɡeɪn/",同一个动作或情况重新出现，再来一遍。,Try again later.,待会儿再试。
ever,op,"曾经,永远","at any time, always",/ˈɛvɝ/,把时间范围打开，问任意时候是否发生。,Have you ever been to Paris?,你去过巴黎吗?
far,op,远,at a great distance,/fɑɹ/,距离被拉长，离这里或目标变得很远很远。,How far is the station?,车站有多远?
forward,op,向前,toward the front,/ˈfɔɹwɝd/,朝脸所向的前方推进，往前走出一步去。,"Step forward, please.",请向前走一步。
here,op,这里,in or to this place,/hiɹ/,说话者所在或手正指着的这个地方这里。,"Come here, please.",请到这里来。
near,op,靠近,at a short distance,/nɪɹ/,距离很短，已经靠得几乎贴到身边附近。,He lives near the park.,他住在公园附近。
now,op,现在,at the present time,/naʊ/,时间落在正在发生的这一刻，不是过去将来。,Do it now.,现在就做。
out,op,"在外,出去",away from inside,/aʊt/,从里面离开，跨出边界来到外面空间。,Go out and play.,出去玩吧。
still,op,仍然,continuing up to now,/stɪl/,到现在还没有停，原来的状态继续留着。,He is still working.,他还在工作。
then,op,"那时,然后",at that time or next,/ðɛn/,时间走到那一刻，或下一步顺着接上来。,"First eat, then sleep.","先吃饭,然后睡觉。"
there,op,那里,in or at that place,/ðɛɹ/,指向离说话者较远处的那个地方那边。,Sit over there.,坐到那边去。
together,op,一起,in one group or company,/təˈɡɛðɝ/,分开的东西聚到一处，彼此靠拢一起行动。,We sing together.,我们一起唱歌。
well,op,"好,健康地",in a good way,/wɛl/,事情进行得顺、稳、好，身体状态也正常。,She speaks English well.,她英语说得好。
almost,op,几乎,very nearly but not completely,/ˈɔlmoʊst/,离完成只差一点，已经很近但还没完全到。,It's almost done.,快做完了。
enough,op,足够,as much as needed,/iˈnʌf/,数量刚好够用，不缺也不必继续再添加。,That's enough food.,食物够了。
even,op,甚至,used for emphasis,/ˈivɪn/,把意外的一项也拉进来，让语气分量更强。,Even a child knows that.,连小孩都知道。
not,op,"不,没有",used to make negative,/nɑt/,在判断前放一堵墙，把后面的说法否定掉。,I do not agree.,我不同意。
only,op,"只,仅仅","no more than, just",/ˈoʊnli/,把范围缩到这一点，其他多的都排除出去。,Only one left.,只剩一个了。
quite,op,"相当,完全",to a considerable extent,/kwaɪt/,程度推得比较满，让感觉明显甚至完全。,It's quite cold today.,今天相当冷。
so,op,"如此,所以","to such a degree, therefore",/soʊ/,程度推到这个样子，或顺着它接出结果。,I'm so tired.,我太累了。
very,op,非常,to a high degree,/ˈvɛɹi/,把程度再往上加，强调强度已经很高很高。,She is very kind.,她非常善良。
tomorrow,op,明天,the day after today,/təˈmɑˌɹoʊ/,今天之后紧接着到来的那一天，还没发生。,See you tomorrow.,明天见。
yesterday,op,昨天,the day before today,/ˈjɛstɝˌdeɪ/,今天之前刚过去的那一天，已经留在身后。,It rained yesterday.,昨天下雨了。
north,op,北,the direction to one's right when facing the setting sun in northern hemisphere,/nɔɹθ/,朝地图上方或指南针北端所指的方向前进。,Go north for two miles.,向北走两英里。
south,op,南,the opposite direction of north,/saʊθ/,朝北的反面走，通常是地图下方的方向。,Birds fly south in winter.,鸟儿冬天飞向南方。
east,op,东,the direction of the rising sun,/ist/,朝太阳升起的一边，也就是地图右侧的方向。,The sun rises in the east.,太阳从东方升起。
west,op,西,the direction of the setting sun,/wɛst/,朝太阳落下的一边，也就是地图左侧的方向。,Drive west to reach the coast.,向西开就到海岸了。
please,op,请,used in polite requests,/pliz/,把请求说得柔和，让对方更愿意帮忙回应。,Please be quiet.,请安静。
yes,op,是的,affirmative answer,/jɛs/,把对方的话接住，并点头认可它是真的。,"Yes, I agree.","是的,我同意。"
account,gt,账户;描述,record of money or events,/əˈkaʊnt/,把钱、事情或经过记录成可追踪的一份账。,Open a bank account.,开一个银行账户。
act,gt,行为;法案,a thing done or a law,/ækt/,一件已经做出来的事，也可是一条成文规则。,It was a kind act.,那是个善举。
addition,gt,加法;增加,the act of adding,/əˈdɪʃən/,把新的东西加进去，让原来的数或内容变多。,"In addition, she sings.","此外,她还唱歌。"
adjustment,gt,调整,a small change to improve,/əˈdʒʌstmənt/,轻轻改一点位置或做法，让整体更合适。,Make a small adjustment.,做一点小调整。
advertisement,gt,广告,public notice to promote,/ˌædvɝˈtaɪzmənt/,把商品或消息摆到众人面前，催人注意和购买。,I saw the advertisement online.,我在网上看到了那广告。
agreement,gt,"协议,同意",shared decision between parties,/əˈɡɹimənt/,几方把想法对齐，定下一起认可的说法或做法。,We reached an agreement.,我们达成了协议。
air,gt,空气,the mixture of gases we breathe,/ɛɹ/,围在身边、能吸进肺里、看不见却会流动的气。,Open the window for fresh air.,开窗透透气。
amount,gt,"数量,总数",quantity of something,/əˈmaʊnt/,把一堆东西合起来看时，心里得到的多少。,A large amount of water.,大量的水。
amusement,gt,"娱乐,乐趣",the feeling of being entertained,/əmˈjuzmənt/,被有趣的事逗到，心里放松发笑的感觉。,"To my amusement, he sang.",令我开心的是他唱歌了。
animal,gt,动物,"a living creature, not plant",/ˈænəməl/,会吃会动会长大的活物，不是植物也不是机器。,The dog is a friendly animal.,狗是友善的动物。
answer,gt,"答案,回答",a reply to a question,/ˈænsɝ/,问题抛过来后，接回去的那句话或结果。,Give me your answer.,给我你的回答。
apparatus,gt,"器械,设备",equipment for a specific use,/ˌæpɝˈætəs/,为某个具体用处摆好的一套工具和装置。,The lab has new apparatus.,实验室有新设备。
approval,gt,"批准,赞同",an expression of agreement,/əˈpɹuvəl/,点头同意并放行，让某事可以继续往前走。,She nodded with approval.,她点头表示赞同。
argument,gt,"争论,论点",a disagreement or reasoning,/ˈɑɹɡjəmənt/,两边话顶着话，或拿理由支撑自己的说法。,They had a long argument.,他们争论了很久。
art,gt,艺术,creative expression by humans,/ɑɹt/,人把感觉、想象和手艺做成能被看见的东西。,She studies modern art.,她学现代艺术。
attack,gt,攻击,violent action against,/əˈtæk/,带着伤害目的冲过去，对对方发起打击。,The attack came at dawn.,攻击发生在黎明。
attempt,gt,尝试,an effort to do something,/əˈtɛmpt/,还没保证成功，但已经伸手去试着做一把。,Make an attempt to succeed.,努力尝试成功。
attention,gt,"注意,注意力",focus of the mind,/əˈtɛnʃən/,把眼睛和脑子都收回来，集中到一件事上。,Pay attention to me.,注意听我说。
attraction,gt,"吸引,吸引力",the quality of drawing interest,/əˈtɹækʃən/,某物像在拉人靠近，让人想看想去想拥有。,The park is a main attraction.,公园是主要景点。
authority,gt,"权威,当局",power to make decisions,/əˈθɔɹəti/,有资格发话、拍板、让别人照做的力量。,The authority approved it.,当局批准了。
back,gt,背部;后面,the rear part of a body,/bæk/,身体或东西朝后的那一面，常用来支撑和承受。,My back is sore.,我背疼。
balance,gt,平衡,equal weight or stability,/ˈbæləns/,两边重量或力量相互抵住，身体或物体不倒不偏。,Keep your balance.,保持平衡。
base,gt,"基础,基地",the bottom support or origin,/beɪs/,托住上面一切的底部，也是一切开始的落脚点。,The base of the lamp is heavy.,灯的底座很重。
behavior,gt,"行为,举止",way a person acts,/bɪˈheɪvjɝ/,人在别人面前实际做出来的一贯样子和反应。,Good behavior is rewarded.,良好的行为会受奖励。
belief,gt,"信念,信仰",acceptance that something is true,/bɪˈlif/,心里认定某事是真的，并用它来站住和判断。,It is my belief that he's right.,我相信他是对的。
birth,gt,"出生,诞生",the beginning of life,/bɝθ/,生命从母体或源头出来，开始在世上存在。,The birth of the baby was peaceful.,宝宝平静地出生了。
bit,gt,"一点儿,小块",a small piece or amount,/bɪt/,从整体上掰下来的一小块，或一点点量。,Give me a bit of bread.,给我一点面包。
bite,gt,"咬,一口",act of cutting with teeth,/baɪt/,用牙把东西夹住切开，也是一口咬下的量。,Take a bite of the apple.,咬一口苹果。
blood,gt,血液,red liquid in the body,/blʌd/,身体里流动的红色生命液，把人维持活着。,Blood flows through veins.,血液流经血管。
blow,gt,吹;打击,a strong hit or air movement,/bloʊ/,突然来的重击，或一股有力冲出的空气。,The blow knocked him down.,那一击把他打倒了。
body,gt,身体,the physical form of a person,/ˈbɑdi/,人或动物能被触摸到、会行动的整个肉身形体。,Exercise keeps the body strong.,运动让身体强壮。
brass,gt,黄铜,yellow metal made of copper and zinc,/bɹæs/,偏黄发亮的硬金属，常做把手、乐器和装饰。,The door handle is brass.,门把手是黄铜的。
bread,gt,面包,food made from flour and water,/bɹɛd/,把面和水做成团，再烤熟成为能吃的日常食物。,Bread and butter for breakfast.,早餐吃面包和黄油。
breath,gt,呼吸,air taken into the lungs,/bɹɛθ/,空气进出胸口和肺里的那一下生命动作。,Take a deep breath.,深吸一口气。
brother,gt,兄弟,a male sibling,/ˈbɹʌðɝ/,和自己同父母或同家庭长大的男性同辈亲人。,My brother is older than me.,我哥哥比我大。
building,gt,建筑物,a structure with walls and roof,/ˈbɪldɪŋ/,用墙、顶和空间搭起来，供人进入使用的物体。,The tall building has 30 floors.,这座高楼有30层。
burn,gt,燃烧;烧伤,injury or destruction by fire,/bɝn/,火或高热伤到皮肤，也会把东西烧焦烧坏。,The burn on her hand healed.,她手上的烧伤好了。
burst,gt,"爆裂,突发",sudden breaking or outburst,/bɝst/,里面的压力一下冲破外壳，突然爆开或冒出。,A burst of laughter filled the room.,屋里突然爆发出笑声。
business,gt,"生意,事务",work or commercial activity,/ˈbɪznəs/,围着工作、买卖和各种事务持续运转的一摊事。,Business is good this year.,今年生意很好。
butter,gt,黄油,fatty food made from milk,/ˈbʌtɝ/,从奶里做出的柔软油脂，常抹在食物上。,Spread butter on the bread.,在面包上抹黄油。
canvas,gt,帆布,strong cloth used for tents or painting,/ˈkænvəs/,厚实耐拉的布，可撑帐篷，也可承接画面。,The painter prepared the canvas.,画家准备好画布。
care,gt,"关心,照料",attention to needs and safety,/kɛɹ/,把心思放在某人某事上，照看它别出问题。,Take care of yourself.,照顾好自己。
cause,gt,原因,what makes something happen,/kɑz/,躲在前面推动事情发生的那股来由和力量。,What is the cause of this?,这是什么原因?
chalk,gt,粉笔,soft white stone for writing,/tʃɑk/,一碰黑板就留下白粉痕迹、容易磨掉的软石笔。,Write on the board with chalk.,用粉笔在黑板上写。
chance,gt,"机会,可能",possibility or opportunity,/tʃæns/,事情可能发生的一道开口，也是一回可试的机会。,Give me a chance.,给我一个机会。
change,gt,改变,becoming different,/tʃeɪndʒ/,原来的样子被移动或改动，变成另一个样子。,A change of plan is needed.,需要改变计划。
cloth,gt,"布,布料",material made by weaving,/klɔθ/,许多线被织在一起，形成可裁可盖的柔软材料。,Wipe the table with this cloth.,用这块布擦桌子。
coal,gt,煤,black rock used as fuel,/koʊl/,黑色可燃的地下石块，烧起来能给出热和火。,Coal is burned for heat.,煤被烧来取暖。
color,gt,颜色,"what we see as red, blue, etc.",/ˈkʌlɝ/,眼睛看到物体表面时分出的红蓝明暗等样子。,What's your favorite color?,你最喜欢什么颜色?
comfort,gt,"舒适,安慰",physical ease or solace,/ˈkʌmfɝt/,身体或心里被安放好，不紧绷也不难受。,This chair gives me comfort.,这把椅子让我舒适。
committee,gt,委员会,a group chosen for a task,/kəˈmɪti/,为一件事被选出来一起商量和决定的一群人。,The committee voted yes.,委员会投了赞成票。
company,gt,公司;陪伴,a business or being with others,/ˈkʌmpəˌni/,一群人一起做买卖，也可指有人在身边相伴。,She works for a tech company.,她在一家科技公司工作。
comparison,gt,比较,looking at similarities and differences,/kəmˈpɛɹəsən/,把两样东西并排放着看，找出哪里像、哪里不像。,"By comparison, this is cheaper.","相比之下,这个更便宜。"
competition,gt,"竞争,比赛",a contest for a prize,/ˌkɑmpəˈtɪʃən/,几方为同一个目标相争，看谁更强或先到。,She won the competition.,她赢得了比赛。
condition,gt,"状况,条件",state or requirement,/kənˈdɪʃən/,某物眼下的状态，或做事前必须满足的要求。,The car is in good condition.,车况良好。
connection,gt,"连接,关系",a link between things,/kəˈnɛkʃən/,两件事之间像接上了线，彼此能够牵动和影响。,There's a connection between them.,他们之间有联系。
control,gt,控制,power to direct or regulate,/kənˈtɹoʊl/,手里握着方向和开关，让事情按自己想法走。,Keep control of the car.,控制好车。
cook,gt,厨师,a person who prepares food,/kʊk/,把生食变成熟食、把一餐真正做出来的人。,The cook made dinner.,厨师做了晚餐。
copper,gt,铜,red-brown metal,/ˈkɑpɝ/,红褐色的金属，容易导电，常被做成线和器物。,Copper wire conducts electricity.,铜线导电。
copy,gt,"复制,副本",a thing made like another,/ˈkɑpi/,照着原样再做出一份，看起来像同一个东西。,Make a copy of this page.,复印这一页。
cork,gt,软木塞,light bark used as bottle stopper,/kɔɹk/,轻而有弹性的树皮材料，常被削成塞子堵住瓶口。,Pull the cork from the bottle.,把瓶塞拔出来。
cotton,gt,"棉花,棉",soft white fiber from a plant,/ˈkɑtən/,植物上长出的白软纤维，可纺成贴身的布。,This shirt is pure cotton.,这件衬衫是纯棉的。
cough,gt,咳嗽,forcing air from throat suddenly,/kɑf/,喉咙或胸口不舒服时，空气突然顶出来。,She has a bad cough.,她咳嗽得厉害。
country,gt,国家;乡村,a nation or rural area,/ˈkʌntɹi/,有边界和政府的一片土地，也可指城外乡间。,China is a large country.,中国是一个大国。
cover,gt,"封面,覆盖物",something that lies over,/ˈkʌvɝ/,放在外面盖住东西的一层，可保护也可遮住。,The cover of the book is blue.,书的封面是蓝色的。
crack,gt,裂缝,a thin opening or break,/kɹæk/,硬东西被拉开或撞开后，留下的细缝和断痕。,There's a crack in the wall.,墙上有道裂缝。
credit,gt,"信用,赞扬",trust to pay later or praise,/ˈkɹɛdət/,先相信以后会还，也可把功劳记到某人身上。,Buy on credit.,赊账买。
crime,gt,罪行,act against the law,/kɹaɪm/,越过法律底线、伤到别人并会被追究的一件坏事。,Stealing is a crime.,偷窃是犯罪。
crush,gt,"压碎,挤压",force into small pieces,/kɹʌʃ/,用很大的力压下去，把完整的东西挤碎变形。,Crush the garlic well.,把蒜捣碎。
cry,gt,哭;呼喊,shedding tears or shouting,/kɹaɪ/,眼泪或声音突然出来，宣泄难过、疼痛或呼喊。,The baby gave a loud cry.,宝宝大哭一声。
current,gt,水流;电流,flow of water or electricity,/ˈkɑɹənt/,水或电朝一个方向持续流动，带着一股往前的劲。,The river current is strong.,河水的水流很急。
curve,gt,曲线,a smoothly bending line,/kɝv/,线、路或边缘不直走，而是顺滑地弯过去。,The road has a sharp curve.,路上有个急转弯。
damage,gt,损害,harm to something,/ˈdæmədʒ/,外力让东西受伤、破掉，少了原本的好状态。,The storm caused damage.,暴风雨造成了破坏。
danger,gt,危险,possibility of harm,/ˈdeɪndʒɝ/,前面可能伤人或出坏事，让人必须小心的处境。,Stay away from danger.,远离危险。
daughter,gt,女儿,a female child,/ˈdɔtɝ/,一个家庭里的女性孩子，相对父母来说。,Their daughter is six.,他们的女儿六岁。
day,gt,"日,白天",24-hour period or daylight time,/deɪ/,太阳升起到落下的白天，也是一整段二十四小时。,Have a nice day.,祝你今天愉快。
death,gt,死亡,the end of life,/dɛθ/,生命完全停下，身体不再呼吸也不再活着。,His death was sudden.,他的去世很突然。
debt,gt,债务,money owed to another,/dɛt/,欠别人的钱或情，心里有一笔必须还的账。,He paid off all his debt.,他还清了所有债务。
decision,gt,决定,a choice made,/dɪˈsɪʒən/,在几个可能里选定一个，让事情往那边走。,It's a hard decision.,这是个艰难的决定。
degree,gt,"程度,度数",amount or unit of measurement,/dɪˈɡɹi/,把高低、冷热、大小或学习层级量成一个档位。,It's 30 degrees today.,今天三十度。
design,gt,设计,a plan or pattern,/dɪˈzaɪn/,先在脑中安排形状和用法，再让东西成形。,The dress has a nice design.,这条裙子设计很好看。
desire,gt,"欲望,渴望",strong wish for something,/dɪˈzaɪɝ/,心里被某个人或东西拉着，很想得到或做到。,She has a desire to travel.,她渴望去旅行。
destruction,gt,破坏,act of ruining completely,/dɪˈstɹʌkʃən/,把原来完整能用的东西弄到散掉或消失。,The destruction was total.,全部被毁了。
detail,gt,细节,a small part of something,/ˈditeɪl/,大东西里很小的一点，但能影响整体看法。,Tell me every detail.,告诉我每个细节。
development,gt,发展,growth or progress,/dɪˈvɛləpmənt/,事物一步步长大、变复杂或变成熟的过程。,The development of AI is fast.,AI 的发展很快。
digestion,gt,消化,breaking down food in the body,/daɪˈdʒɛstʃən/,身体把吃进去的食物慢慢拆开，再变成可吸收的东西。,Slow eating helps digestion.,慢慢吃有助消化。
direction,gt,方向,the way something points,/daɪˈɹɛkʃɪn/,箭头、路、风或目光所指向的那一个方向。,In which direction is north?,哪个方向是北?
discovery,gt,发现,finding something new,/ˌdɪsˈkʌvɹi/,原本不知道或没看见的东西，被找出来。,It was an exciting discovery.,那是个令人激动的发现。
discussion,gt,讨论,talking through a topic,/dɪˈskʌʃən/,几个人围着同一件事来回说，试着弄清楚。,We had a long discussion.,我们讨论了很久。
disease,gt,疾病,a sickness or illness,/dɪˈziz/,身体内部出了问题，让人不能正常生活。,This disease is rare.,这种病很罕见。
disgust,gt,厌恶,strong feeling of dislike,/dɪsˈɡʌst/,看到或想到某物时，心里想躲开的强烈反感。,He looked at it with disgust.,他厌恶地看着它。
distance,gt,距离,space between two points,/ˈdɪstəns/,两个地方、两个人或两点中间隔着的长短。,What's the distance from here?,离这儿多远?
distribution,gt,"分配,分布",act of sharing out,/ˌdɪstɹəbˈjuʃən/,把一批东西分出去，让它们到不同地方或人手里。,Fair distribution of food.,公平分配食物。
division,gt,"分割,部门",splitting into parts,/dɪˈvɪʒən/,把整体切成几份，也可指被切出来的一块。,The division of labor is clear.,分工明确。
doubt,gt,怀疑,feeling of uncertainty,/daʊt/,心里没法完全相信，停在摇摆和追问里。,I have no doubt about it.,我对此毫不怀疑。
drink,gt,饮料,liquid to swallow,/dɹɪŋk/,能倒进嘴里、顺着喉咙吞下去的那种液体。,Get me a cold drink.,给我拿杯冷饮。
driving,gt,驾驶,act of controlling a vehicle,/ˈdɹaɪvɪŋ/,坐在车前掌着方向和速度，让车往前走。,Driving in snow is hard.,雪天开车很难。
dust,gt,灰尘,fine dry powder on surfaces,/dʌst/,落在表面的细小干粉，轻轻一吹就飘起来。,Wipe the dust off the shelf.,把架子上的灰擦掉。
earth,gt,地球;泥土,our planet or soil,/ɝθ/,脚下的土地，也可是我们共同生活的星球。,Plant the seed in the earth.,把种子种到土里。
edge,gt,边缘,the outer line of something,/ɛdʒ/,东西到了尽头的那条边，再过去就离开本体。,Stay back from the edge.,离边缘远点。
education,gt,教育,the process of teaching,/ˌɛdʒəˈkeɪʃən/,通过教和学，把人慢慢带到更会想更会做。,Education changes lives.,教育改变命运。
effect,gt,"影响,效果",result of an action,/ˈifɛkt/,一个动作落下后，在别处留下的结果和影响。,The medicine had no effect.,药没什么效果。
end,gt,"末端,结束",final part of something,/ɛnd/,一段事物走到最后，停在不再继续的地方。,At the end of the road.,在路的尽头。
error,gt,错误,a mistake,/ˈɛɹɝ/,原本该对齐的事偏了，留下一个需要改正的错处。,There's an error in your math.,你算错了。
event,gt,事件,a thing that happens,/iˈvɛnt/,在某个时间真的发生、可被提起的一件事。,It was a big event.,那是一件大事。
example,gt,例子,a thing showing a rule,/ɪɡˈzæmpəl/,拿一个具体东西摆出来，让人看懂同类规则。,Give me an example.,给我举个例子。
exchange,gt,交换,giving one for another,/ɪksˈtʃeɪndʒ/,你给我这个，我给你那个，东西换了手。,An exchange of gifts.,礼物交换。
existence,gt,存在,the state of being,/ɛɡˈzɪstəns/,某物确实在那里或正在发生，不只是想象或说法。,The existence of life on Mars?,火星上有生命存在吗?
expansion,gt,扩张,becoming larger,/ɪkˈspænʃən/,边界往外推开，空间、数量或范围变大。,Business expansion is slow.,业务扩张很慢。
experience,gt,"经验,经历",knowledge gained by doing,/ɪkˈspɪɹiəns/,亲自经过事情后，留在身上的知道和感觉。,She has years of experience.,她有多年的经验。
expert,gt,专家,a person with great skill,/ˈɛkspɝt/,在某件事上练得很深，别人会来问他的人。,Ask the expert.,问专家。
fact,gt,事实,a true thing,/fækt/,不靠喜欢不喜欢，事情本来就是这样的一点。,It's a known fact.,这是个众所周知的事实。
fall,gt,"跌落,秋天",dropping down or autumn,/fɑl/,从高处往下掉，也可指一年转入凉下来的季节。,He had a bad fall.,他摔得很重。
family,gt,家庭,parents and children,/ˈfæməli/,由父母、孩子和亲近亲属连成的一家人。,Family comes first.,家人优先。
father,gt,父亲,a male parent,/ˈfɑðɝ/,生养孩子或承担父亲位置的那位男性家长。,My father is a teacher.,我父亲是老师。
fear,gt,恐惧,feeling caused by danger,/fɪɹ/,觉得危险靠近时，心和身体一起收紧想躲开。,He has a fear of heights.,他怕高。
feeling,gt,感觉,emotional state,/ˈfilɪŋ/,身体或心里对外界生出的冷暖、痛痒和情绪。,I have a strange feeling.,我有种奇怪的感觉。
fiction,gt,"小说,虚构",made-up stories,/ˈfɪkʃən/,人编出来的故事世界，不按真实发生来要求。,She reads fiction every day.,她每天读小说。
field,gt,田地;领域,open land or area of study,/fild/,展开的一片地，也可是一块要研究或行动的范围。,The field is full of flowers.,田里开满了花。
fight,gt,"战斗,打架",a violent struggle,/faɪt/,双方用力对抗，可能动手，也可能争胜负。,They had a big fight.,他们大吵了一架。
fire,gt,火,flames giving heat and light,/ˈfaɪɝ/,燃烧时跳动发亮的热，能取暖也能烧毁。,Light a fire to keep warm.,生火取暖。
flame,gt,火焰,hot glowing part of a fire,/fleɪm/,火里一舌一舌亮着、发热并不断晃动的部分。,The candle flame is small.,蜡烛的火焰很小。
flight,gt,"飞行,航班",moving through the air,/flaɪt/,离开地面在空中移动，也可是一趟飞行行程。,The flight to Paris is long.,飞往巴黎的航班很长。
flower,gt,花,colored part of a plant,/ˈflaʊɝ/,植物开出的有颜色部分，常带香气并吸引目光。,Roses are my favorite flower.,玫瑰是我最爱的花。
fold,gt,折叠;褶,bending one part over another,/foʊld/,把柔软或薄的东西弯过去，让一部分叠到另一部分上。,There's a fold in the paper.,纸上有道折痕。
food,gt,食物,what people and animals eat,/fud/,人和动物吃下去，用来维持身体的东西。,Food is on the table.,食物在桌上。
force,gt,"力,武力",physical power or strength,/fɔɹs/,能推、拉、压或逼迫事情改变的那股力量。,Use force to open it.,用力把它打开。
form,gt,"形式,形状",shape or arrangement,/fɔɹm/,东西呈现出来的形状、结构或安排方式。,Water takes the form of its bottle.,水会变成瓶子的形状。
friend,gt,朋友,a person you like and trust,/fɹɛnd/,彼此喜欢并信得过，愿意靠近和互相帮助的人。,He's my best friend.,他是我最好的朋友。
front,gt,前面,forward part of something,/fɹʌnt/,朝前、迎着别人或行进方向的那一面位置。,Sit in the front.,坐到前面。
fruit,gt,水果,sweet part of a plant with seeds,/fɹut/,植物成熟后可吃的甜软部分，里面常有种子。,Apples are my favorite fruit.,苹果是我最爱的水果。
glass,gt,"玻璃,玻璃杯",hard clear material or cup,/ɡlæs/,硬而透明的材料，也可是一只用来喝水的杯。,Pour water in the glass.,把水倒进杯子。
gold,gt,"金,黄金",precious yellow metal,/ɡoʊld/,稀贵的黄色金属，亮、重，常被当作财富。,The ring is pure gold.,戒指是纯金的。
government,gt,政府,system that rules a country,/ˈɡʌvɝmənt/,管理国家和公共事务、制定规则的一套人和机构。,The government passed a law.,政府通过了一项法律。
grain,gt,"谷粒,颗粒",a small hard seed or particle,/ɡɹeɪn/,一粒小而硬的种子或颗粒，常可聚成一堆。,A grain of rice.,一粒米。
grass,gt,草,green plants on the ground,/ɡɹæs/,贴着地面成片生长的细绿植物，常铺满一片地。,The grass is green.,草是绿的。
grip,gt,抓握,firm hold with hands,/ɡɹɪp/,手指用力合住，牢牢抓住东西不让它滑走。,Keep a tight grip.,抓紧。
group,gt,"团体,组",a number of people or things together,/ɡɹup/,多个同类或相关的人和物，被放在一起看待。,A group of friends came.,一群朋友来了。
growth,gt,"生长,增长",process of becoming bigger,/ɡɹoʊθ/,从小到大、从少到多，慢慢长出来的过程。,The growth of plants is slow.,植物生长很慢。
guide,gt,"向导,指南",person or book that leads,/ɡaɪd/,走在前面带路，或给人步骤和方向的东西。,The guide showed us the way.,向导给我们带路。
harbor,gt,港口,safe place for ships,/ˈhɑɹbɝ/,船能躲风停靠、装卸人货的一片安全水边。,Ships rest in the harbor.,船停在港口里。
harmony,gt,和谐,agreement or pleasing combination,/ˈhɑɹməni/,不同声音、颜色或人相处得顺，不互相冲撞。,They live in harmony.,他们和谐相处。
hate,gt,憎恨,strong dislike,/heɪt/,强烈不喜欢，心里推开甚至想伤害的情绪。,His hate for lies is well known.,他对谎言的憎恨众所周知。
hearing,gt,"听觉,听证会",sense of receiving sound,/ˈhiɹɪŋ/,声音进入耳朵被接住，也可是一场正式听取。,Her hearing is sharp.,她听觉敏锐。
heat,gt,热,warmth from a source,/hit/,从火、太阳、机器或身体散出来的热度。,The heat of summer is strong.,夏天很热。
help,gt,帮助,assistance given,/hɛlp/,别人做不动或困难时，伸手让事情变容易。,I need your help.,我需要你的帮助。
history,gt,历史,record of past events,/ˈhɪstɝi/,过去发生的事被记录和串起来的一条线。,She studies Chinese history.,她研究中国历史。
hole,gt,"洞,孔",an opening in something,/hoʊl/,东西中间空了一块，眼睛能看见，手也可能伸进去。,There's a hole in my sock.,我袜子有个洞。
hope,gt,希望,feeling that good will come,/hoʊp/,相信好事可能来到，心里还亮着一点等候。,Hope makes life bearable.,希望让生活变得可以忍受。
hour,gt,小时,60 minutes of time,/ˈaʊɝ/,把一天的时间切开后，等于六十分钟的一段。,Wait one hour.,等一个小时。
humor,gt,幽默,quality of being funny,/ˈhjumɝ/,让人觉得好笑、轻松，想笑出来的味道。,He has a great sense of humor.,他很有幽默感。
ice,gt,冰,frozen water,/aɪs/,水冷到硬起来，变成透明或白色的冷块。,Put ice in my drink.,我饮料里加点冰。
idea,gt,"主意,想法",thought or plan in the mind,/aɪˈdiə/,脑中冒出的一个想法、画面或做事方案。,That's a good idea.,这主意不错。
impulse,gt,冲动,sudden urge to act,/ˈɪmpəls/,还没细想，身体和心已经突然被推着想去做。,"On impulse, she bought it.",她一时冲动买了它。
increase,gt,增加,becoming greater,/ˈɪnˌkɹis/,数量、程度或力量往上长，比原来更多。,There's an increase in sales.,销量有所增加。
industry,gt,"工业,行业",production of goods or services,/ˈɪndəstɹi/,许多人和机器一起持续生产东西或服务的行当。,The car industry is huge.,汽车工业规模很大。
ink,gt,墨水,colored liquid for writing,/ɪŋk/,笔里或瓶里的有色液体，落下后留下字迹和线条。,The pen has black ink.,笔里是黑墨水。
insect,gt,昆虫,small creature with six legs,/ˈɪnˌsɛkt/,小小的六脚活物，常有翅、触角和硬壳。,A bee is an insect.,蜜蜂是昆虫。
instrument,gt,"乐器,工具",tool for a task or making music,/ˈɪnstɹəmənt/,拿来完成某种工作，或发出音乐的专门工具。,The piano is her instrument.,钢琴是她的乐器。
insurance,gt,保险,protection against loss,/ˌɪnˈʃʊɹəns/,先交一笔钱，真出损失时有人帮你分担。,Car insurance is required.,汽车保险是必需的。
interest,gt,兴趣;利息,curiosity or money gained,/ˈɪntɝəst/,心被某事牵住想了解，也可是钱生出的额外钱。,She has interest in art.,她对艺术有兴趣。
invention,gt,发明,something new created,/ˌɪnˈvɛnʃən/,原来没有的用具或办法，被人想出并做成。,The phone was a great invention.,电话是伟大的发明。
iron,gt,"铁,熨斗",strong gray metal or tool to smooth clothes,/ˈaɪɝn/,坚硬灰色金属，也可是烫平衣服的热工具。,The gate is made of iron.,大门是铁做的。
jelly,gt,果冻,soft semi-solid food,/ˈdʒɛli/,软软会晃的半凝食物，介于水和固体之间。,Spread jelly on toast.,在土司上抹果酱。
join,gt,接合处,a place where things meet,/dʒɔɪn/,两个部分碰到并接在一起，形成连接的地方。,The join is smooth.,接缝平滑。
journey,gt,旅程,act of traveling,/ˈdʒɝni/,从一处出发到另一处，中间经过的一段路。,It's a long journey.,这是一段漫长的旅程。
judge,gt,"法官,裁判",one who decides cases,/dʒʌdʒ/,听完两边说法后，负责判断并作出裁断的人。,The judge made his ruling.,法官做出了裁决。
jump,gt,跳跃,pushing off the ground,/dʒʌmp/,脚用力一蹬离开地面，让身体短暂腾起。,That was a high jump.,那一跳跳得高。
kick,gt,踢,hitting with the foot,/kɪk/,用脚向外打出去，碰到、推动或踢开东西。,Give the ball a kick.,踢一下球。
kiss,gt,吻,touch with lips,/kɪs/,用嘴唇轻触人或物，传递亲近、爱意或礼貌。,She gave him a kiss.,她吻了他。
knowledge,gt,知识,information one knows,/ˈnɑlədʒ/,被学到、记住并能拿来使用的一份知道。,Knowledge is power.,知识就是力量。
land,gt,"土地,陆地",solid surface of earth,/lænd/,水面之外可站立、种植、建造和生活的地面。,They own a lot of land.,他们有很多土地。
language,gt,语言,system of words used to communicate,/ˈlæŋɡwədʒ/,人用来互相说明想法的一套声音和文字。,English is a world language.,英语是世界语言。
laugh,gt,"笑,笑声",sound of joy,/læf/,觉得好笑或开心时，从身体里冒出的声音。,She gave a hearty laugh.,她爽朗地笑了。
law,gt,法律,rule made by government,/lɑ/,由公共权力定下、大家必须遵守的规则。,It's against the law.,这违法。
lead,gt,铅,heavy gray metal used in pencils and weights,/lɛd/,一种很重的灰色金属，也可指走在最前面。,Pencils contain lead.,铅笔里有铅芯。
learning,gt,"学习,学问",process of gaining knowledge,/ˈlɝnɪŋ/,通过听、看、练，把不会的慢慢变成会。,Learning never ends.,学无止境。
leather,gt,皮革,material from animal skin,/ˈlɛðɝ/,动物皮处理后变成的结实柔韧材料，可做鞋包。,The bag is leather.,这包是皮的。
letter,gt,信;字母,written message or alphabet sign,/ˈlɛtɝ/,写给别人的一段消息，也可是组成词的小符号。,Write me a letter.,给我写封信。
level,gt,"水平,水准",height or standard,/ˈlɛvəl/,高低位置或能力标准停在的那一层档位。,His skill is at a high level.,他技术水平很高。
lift,gt,电梯;抬起,raising up or elevator,/lɪft/,把东西向上带起，也可是上下运人的小空间。,Take the lift to the top.,坐电梯上顶楼。
light,gt,"光,灯",brightness from sun or lamp,/laɪt/,让眼睛看见东西的亮，也可是一盏发亮的物。,Turn on the light.,开灯。
limit,gt,限度,a point not to be passed,/ˈlɪmət/,再往前就不许或不能越过的那条清楚边界。,There's a speed limit here.,这里有速度限制。
linen,gt,亚麻布,cloth made from flax,/ˈlɪnən/,用亚麻纤维织出的清爽结实布料，常做衣物床品。,Linen sheets feel cool.,亚麻床单很凉爽。
liquid,gt,液体,substance that flows,/ˈlɪkwəd/,没有固定形状，会顺着容器流动的东西。,Water is a liquid.,水是液体。
list,gt,清单,series of items written,/lɪst/,把一项项东西按顺序写下来，方便查看。,Make a shopping list.,列个购物清单。
look,gt,看;样子,appearance or act of seeing,/lʊk/,眼睛投过去看，也可是外表给人的样子。,Have a look at this.,看看这个。
loss,gt,损失,something gone,/lɔs/,原来有的东西不见了、少了，或被人拿走了。,His death was a great loss.,他的去世是巨大的损失。
love,gt,爱,deep affection,/lʌv/,很深地喜欢和在意，想靠近、保护和给予。,Love is everything.,爱是一切。
machine,gt,机器,device with moving parts,/məˈʃin/,由零件配合运转，替人出力完成工作的装置。,The washing machine is loud.,洗衣机声音很大。
man,gt,"男人,人",adult male or human,/mæn/,成年男性，也可泛指人类中的一个普通成员。,He's a good man.,他是个好人。
manager,gt,经理,person in charge,/ˈmænədʒɝ/,负责安排人和事，让工作顺着目标运转的人。,Ask the manager.,问经理。
mark,gt,标记,a sign or stain,/mɑɹk/,留在表面的点、线或痕，用来认出或区分。,Make a mark here.,在这做个记号。
market,gt,市场,place for buying and selling,/ˈmɑɹkət/,买卖双方聚到一起，货物和价格流动的地方。,I go to the market weekly.,我每周去市场。
mass,gt,质量;大量,amount of matter or large group,/mæs/,聚成一大团的物量或人群，感觉沉而多。,A mass of people gathered.,一大群人聚集。
meal,gt,一餐,food eaten at one time,/mil/,一次坐下来吃的食物，算作一天中的一顿。,Dinner is the main meal.,晚餐是主餐。
measure,gt,"测量,措施",size or action taken,/ˈmɛʒɝ/,拿标准去量大小，也可指为解决问题采取的一步。,Take measures to fix it.,采取措施去解决。
meat,gt,肉,food from animal flesh,/mit/,动物身体里可被做成食物的那块肉质部分。,I don't eat meat.,我不吃肉。
meeting,gt,会议,gathering to discuss,/ˈmitɪŋ/,几个人在同一时间聚到一起，面对面谈一件事。,The meeting starts at ten.,会议十点开始。
memory,gt,记忆,ability to remember,/ˈmɛmɝi/,过去的事被脑子留下来，后来还能想起。,She has a good memory.,她记性好。
metal,gt,金属,hard shiny material like iron,/ˈmɛtəl/,坚硬发亮的材料，能被打造成工具和机器。,Steel is a strong metal.,钢是坚固的金属。
middle,gt,中间,central part of something,/ˈmɪdəl/,两边之间的中心位置，离各端都不太远。,Stand in the middle.,站到中间。
milk,gt,牛奶,white liquid from cows,/mɪlk/,动物身上流出的白色养分，常给幼小生命喝。,Drink your milk.,把牛奶喝了。
mind,gt,"思想,大脑",part of person that thinks,/maɪnd/,人在里面想、记、判断和感受的看不见空间。,Keep an open mind.,保持开放的心态。
mine,gt,矿,hole to dig out metals,/maɪn/,向地下挖出的地方，用来取出石中财富。,They work in a gold mine.,他们在金矿工作。
minute,gt,分钟,60 seconds of time,/ˈmɪnət/,很短的一段时间，像钟面上细小的一格。,Wait a minute.,等一分钟。
mist,gt,薄雾,thin cloud near the ground,/mɪst/,贴近地面的细小水气，让远处变得模糊。,Morning mist covered the fields.,晨雾笼罩田野。
money,gt,钱,coins and paper used to buy,/ˈmʌni/,大家承认的交换凭证，能换来东西和服务。,Money can't buy time.,金钱买不到时间。
month,gt,月份,one of twelve parts of year,/mʌnθ/,一年来回分成的较大时间块，约三十天。,This month is busy.,这个月很忙。
morning,gt,早晨,early part of day,/ˈmɔɹnɪŋ/,夜色退去后的早段时间，事情重新开始。,Good morning!,早上好!
mother,gt,母亲,a female parent,/ˈmʌðɝ/,生养并照看孩子的人，给生命最初依靠。,My mother cooks well.,我妈妈做饭很好吃。
motion,gt,"运动,动作",act of moving,/ˈmoʊʃən/,东西不再静止，位置或姿态正在改变。,The motion was smooth.,动作很流畅。
mountain,gt,山,very high land,/ˈmaʊntən/,大地高高隆起的巨大块面，挡住视线和路。,The mountain is snowy.,山上有雪。
move,gt,"移动,行动",change of position,/muv/,从原处换到别处，或让身体和局面动起来。,That was a smart move.,这一步走得聪明。
music,gt,音乐,sounds arranged pleasingly,/ˈmjuzɪk/,有节奏和高低的声音，被安排成可感的流动。,I love jazz music.,我爱爵士乐。
name,gt,名字,word for a person or thing,/neɪm/,贴在人或物上的声音标签，用来认出它。,What's your name?,你叫什么名字?
nation,gt,国家,a country and its people,/ˈneɪʃən/,一群人在共同土地和制度下组成的大整体。,The nation celebrated.,全国都在庆祝。
need,gt,"需要,需求",thing required,/nid/,缺了就难以继续的东西，心和事都向它伸手。,His needs are simple.,他的需求很简单。
news,gt,新闻,information about recent events,/njuz/,刚发生或刚知道的消息，从外面传到人群中。,Have you heard the news?,你听说那消息了吗?
night,gt,夜晚,time when sky is dark,/naɪt/,太阳离开后的黑暗时段，世界转入安静。,The stars shine at night.,星星在夜里闪亮。
noise,gt,噪音,loud or unpleasant sound,/nɔɪz/,杂乱或刺耳的声音，打破安静并拉走注意。,What's that noise?,那是什么声音?
note,gt,"笔记,便条",short written message,/noʊt/,短短留下的记号或话语，提醒人记住某事。,Leave a note for me.,给我留张条。
number,gt,"数字,号码",word or sign for counting,/ˈnʌmbɝ/,用来数清多少和次序的符号或概念。,My number is 555.,我的号码是555。
observation,gt,观察,act of watching closely,/ˌɑbzɝˈveɪʃən/,把眼前事物仔细看住，再在心里留下判断。,Make an observation.,做个观察。
offer,gt,提议,something proposed for acceptance,/ˈɔfɝ/,把东西或机会伸到别人面前，让对方可接。,He made me an offer.,他给了我一个提议。
oil,gt,油,thick liquid used as fuel or food,/ɔɪl/,滑腻不易混水的液体，可燃也可使东西顺滑。,Add oil to the pan.,往锅里加油。
operation,gt,"操作,手术",action or surgery,/ˌɑpɝˈeɪʃən/,按步骤动手处理，让身体、机器或计划运转。,The operation was successful.,手术很成功。
opinion,gt,意见,personal view,/əˈpɪnjən/,心里对一件事形成的看法，不一定人人相同。,"In my opinion, it's good.","依我看,这挺好。"
order,gt,"秩序,命令",command or arrangement,/ˈɔɹdɝ/,把事物排成规矩，也可向别人发出要求。,Put things in order.,把东西整理好。
organization,gt,组织,a group with a purpose,/ˌɔɹɡənəˈzeɪʃən/,许多人和部分被安排成一个能做事的整体。,She joined a new organization.,她加入了一个新组织。
ornament,gt,装饰品,decorative object,/ˈɔɹnəmənt/,加在物体上的美化之物，让它更可看。,The room has many ornaments.,房间里有很多装饰品。
owner,gt,主人,person who owns something,/ˈoʊnɝ/,某物归他掌握和负责的人，别人不能随意拿。,Who is the owner of this car?,这车谁的?
page,gt,页面,one side of paper in book,/peɪdʒ/,书或纸中的一面，承载一小片文字内容。,Turn to page 5.,翻到第5页。
pain,gt,疼痛,unpleasant body feeling,/peɪn/,身体或心里被伤到时发出的难受信号。,I feel pain in my back.,我背疼。
paint,gt,"油漆,颜料",colored liquid for surfaces,/peɪnt/,涂在表面的有色材料，也指用颜色造画面。,Buy red paint for the wall.,买红漆刷墙。
paper,gt,纸,thin material for writing,/ˈpeɪpɝ/,薄薄的可写材料，承接文字、图像和包裹。,Write on the paper.,在纸上写。
part,gt,部分,a piece of a whole,/pɑɹt/,整体中的一块，离开整体也能被单独指出。,This is part of the puzzle.,这是拼图的一部分。
paste,gt,浆糊,sticky soft substance,/peɪst/,黏稠的软物，可涂开并把东西粘在一起。,Use paste to stick this.,用浆糊把这粘上。
payment,gt,付款,money given for goods,/ˈpeɪmənt/,为得到东西或偿还责任而交出去的钱。,Payment is due Monday.,周一付款。
peace,gt,"和平,平静",absence of war or quiet,/pis/,争斗停下后的安稳状态，人和人不再相伤。,They want peace.,他们渴望和平。
person,gt,人,a human being,/ˈpɝsən/,一个有身体、思想和身份的具体人。,She's a kind person.,她是个善良的人。
place,gt,地方,a particular location,/pleɪs/,事情或东西所在的具体位置或空间。,This place is beautiful.,这地方真美。
plant,gt,植物,living thing that grows in soil,/plænt/,扎根生长的绿色生命，从土里向光伸展。,Water the plants daily.,每天给植物浇水。
play,gt,"玩,戏剧",recreation or drama,/pleɪ/,带着乐趣做动作或演出，让身心进入游戏。,We watched a great play.,我们看了一出好戏。
pleasure,gt,快乐,feeling of happiness,/ˈplɛʒɝ/,身体或心里觉得舒服愉快的感受。,It's my pleasure.,我的荣幸。
point,gt,"点,要点",sharp end or main idea,/pɔɪnt/,小而明确的一处，也可是一句话的核心所在。,Get to the point.,说重点。
poison,gt,毒药,substance that harms or kills,/ˈpɔɪzən/,进入身体后会伤害生命的有害东西。,This plant is poison.,这植物有毒。
polish,gt,擦光剂,substance to make shiny,/ˈpɑlɪʃ/,反复摩擦表面，使它变亮变顺也更精细。,Use shoe polish for shine.,用鞋油擦亮鞋子。
porter,gt,搬运工,person who carries luggage,/ˈpɔɹtɝ/,替人搬运行李或货物的人，靠肩手移动重物。,The porter took our bags.,搬运工拿走了我们的包。
position,gt,"位置,职位",place or job,/pəˈzɪʃən/,某人某物所在的方位，也指所占的身份位置。,What's your position here?,你在这是什么职位?
powder,gt,粉末,very fine dry substance,/ˈpaʊdɝ/,细碎成粉的干物，像被磨散的小颗粒。,Use baby powder.,用婴儿爽身粉。
power,gt,"力量,权力",ability or strength,/ˈpaʊɝ/,让事情发生或支配局面的力量和能力。,Knowledge is power.,知识就是力量。
price,gt,价格,amount of money to pay,/pɹaɪs/,一件东西被标出的交换数目，买它要付出。,What's the price?,价格是多少?
print,gt,"印刷,印记",mark made by pressing,/pɹɪnt/,把字或图压印到表面上，让许多份出现。,His thumb print is on it.,上面有他的指纹。
process,gt,过程,series of steps,/ˈpɹɑses/,事情从开始到结果之间，一步步变化的经过。,Learning is a slow process.,学习是个慢过程。
produce,gt,农产品,food grown on a farm,/ˈpɹoʊduːs/,从劳动、土地或机器中生出可用的东西。,Fresh produce is best.,新鲜农产品最好。
profit,gt,利润,money gained from business,/ˈpɹɑfət/,付出成本之后剩下的好处或赚到的钱。,They made a big profit.,他们获利丰厚。
property,gt,财产,things one owns,/ˈpɹɑpɝti/,归某人拥有的东西，也可指事物自身特性。,This is private property.,这是私人财产。
prose,gt,散文,ordinary written language,/pɹoʊz/,像平常说话那样连成句子的文字，不按诗行走。,He writes clear prose.,他写的散文清晰。
protest,gt,抗议,strong statement of disagreement,/ˈpɹoʊtest/,站出来表示不同意，用声音或行动反对。,They held a protest.,他们举行了抗议。
pull,gt,拉,act of drawing toward,/pʊl/,把东西朝自己这边用力带近。,Give the rope a pull.,拉一下绳子。
punishment,gt,惩罚,penalty for wrong action,/ˈpʌnɪʃmənt/,做错后被施加的痛苦或损失，用来约束行为。,The punishment was light.,惩罚很轻。
purpose,gt,目的,reason for doing,/ˈpɝpəs/,行动背后的目标，说明为什么要这样做。,What's the purpose of this?,这有什么用?
push,gt,推,act of moving forward by pressure,/pʊʃ/,把力量从自己这边顶出去，使东西离开或前进。,Give the door a push.,推一下门。
quality,gt,质量,how good something is,/ˈkwɑləti/,事物身上的某种性质，也指好坏的程度。,This is high quality.,这质量很高。
question,gt,问题,sentence asking for answer,/ˈkwɛstʃən/,心里有空缺，于是把话伸出去求答案。,May I ask a question?,我能问个问题吗?
rain,gt,雨,water falling from sky,/ɹeɪn/,云里的水落向地面，给世界带来湿意。,Rain is falling hard.,雨下得很大。
range,gt,范围,limits between which something varies,/ɹeɪndʒ/,从一端到另一端可覆盖的范围或连续带。,The price range is wide.,价格范围很广。
rate,gt,"比率,速度",speed or ratio,/ɹeɪt/,按某个尺度量出的速度、比例或价格。,"At this rate, we'll be late.","照这速度,我们要迟到了。"
ray,gt,光线,narrow line of light,/ɹeɪ/,从光源直直射出的细长光线。,A ray of sunshine came in.,一束阳光照进来。
reaction,gt,反应,response to something,/ɹiˈækʃən/,受到刺激后回过来的动作、变化或态度。,His reaction was quick.,他反应很快。
reading,gt,阅读,act of looking at words,/ˈɹidɪŋ/,眼睛接住文字，让心里听见它的意思。,Reading is my hobby.,阅读是我的爱好。
reason,gt,"原因,理智",cause or logical thinking,/ˈɹizən/,让判断站得住的根据，也是事情发生的为什么。,Tell me the reason.,告诉我原因。
record,gt,记录,written account of facts,/ˈɹɛkɚd/,把事情留下痕迹，日后还能查到或听到。,Keep a record of your work.,记录你的工作。
regret,gt,遗憾,sad feeling about past,/ɹəˈɡɹɛt/,回看已发生的事，心里觉得可惜或难过。,I have no regret.,我不后悔。
relation,gt,关系,connection between people or things,/ɹiˈleɪʃən/,两个人或事物之间相连相对的方式。,The relation is clear.,关系很清楚。
religion,gt,宗教,belief in higher power,/ɹiˈlɪdʒən/,人对神圣力量和生命意义的信仰与规矩。,What's your religion?,你信什么教?
representative,gt,代表,person speaking for others,/ˌɹɛpɹəˈzɛnətɪv/,替一群人说话或行动的人，站在他们前面。,She's our representative.,她是我们的代表。
request,gt,请求,act of asking for something,/ɹiˈkwɛst/,把需要礼貌地说出来，请别人给予或去做。,I have a request.,我有个请求。
respect,gt,尊重,high regard for someone,/ɹiˈspɛkt/,把对方看得有分量，因此言行留出敬意。,Show respect to elders.,尊重长辈。
rest,gt,休息,freedom from work,/ɹɛst/,动作停下，让身体或事情重新恢复力量。,Take a rest.,休息一下。
reward,gt,奖赏,something given for good action,/ɹiˈwɔɹd/,因做得好或付出后得到的回报和认可。,Hard work brings reward.,努力有回报。
rhythm,gt,节奏,regular pattern of sound,/ˈɹɪðəm/,声音或动作按强弱快慢反复出现的脉动。,Feel the rhythm of the song.,感受歌曲的节奏。
rice,gt,"米,大米",white grain food,/ɹaɪs/,小粒白色谷物，煮熟后成为许多人的主食。,Rice is our main food.,米饭是我们的主食。
river,gt,"河,河流",large flowing water,/ˈɹɪvɝ/,水沿着长长的低处不断流向远方。,The river flows east.,河水向东流。
road,gt,路,way for vehicles to travel,/ɹoʊd/,供人和车通行的带状地面，把地方连起来。,The road is long.,路很长。
roll,gt,"滚动,卷",turning over or cylinder,/ɹoʊl/,圆物贴着面不断翻转前行，或把东西卷起。,Give the ball a roll.,把球滚一下。
room,gt,房间;空间,part of building or space,/ɹum/,被墙围出的可进入空间，也指还能容纳的余地。,There's no room here.,这没地方了。
rub,gt,摩擦,move with pressure on a surface,/ɹʌb/,让两个表面来回摩擦，擦掉或擦出变化。,Give it a good rub.,使劲擦一下。
rule,gt,规则,statement about what to do,/ɹul/,规定人该怎样做的线，也可指掌管别人。,Follow the rules.,遵守规则。
run,gt,跑;运行,act of moving fast on foot,/ɹʌn/,脚步快速连续向前，也指机器或事情在运转。,Go for a run.,去跑步吧。
salt,gt,盐,white substance to flavor food,/sɔlt/,带咸味的白色晶体，使食物有味也能保存。,Add salt to the soup.,汤里加点盐。
sand,gt,沙,tiny grains on beach,/sænd/,大量细小石粒铺在地上，松散又会流动。,The sand is warm.,沙子很暖。
scale,gt,"刻度,规模",size or measuring marks,/skeɪl/,用来量大小重量的刻度，也指逐级展开的层次。,A small-scale model.,小比例模型。
science,gt,科学,systematic study of nature,/ˈsaɪəns/,用观察和试验找规律的知识办法。,She studies science.,她学科学。
sea,gt,海,large body of salt water,/si/,广阔连成一片的咸水，包围陆地边缘。,The sea is calm today.,今天海面平静。
seat,gt,座位,thing to sit on,/sit/,让身体坐下的位置，也可指被占有的席位。,Take a seat.,请坐。
secretary,gt,秘书,person who handles office work,/ˈsɛkɹəˌtɛɹi/,替人处理文字、安排和联系事务的助手。,My secretary will call you.,我秘书会给你打电话。
selection,gt,选择,act of choosing,/səˈlɛkʃən/,从许多可能里挑出某些，留下被选中的部分。,Make a good selection.,做出好的选择。
self,gt,自我,one's own being,/sɛlf/,与别人分开的这个自己，心身和身份的中心。,Be true to your self.,忠于自我。
sense,gt,"感觉,意义",feeling or meaning,/sɛns/,身体接收世界的通道，也指心里觉得有道理。,It makes sense.,这说得通。
servant,gt,仆人,person who works for another,/ˈsɝvənt/,为别人做日常服务的人，听从主人安排。,The servant brought tea.,仆人端来了茶。
sex,gt,"性别,性",male or female nature,/sɛks/,生物分成雌雄的身体属性，也指性的关系。,What's the sex of the baby?,宝宝是男是女?
shade,gt,阴影,area away from light,/ʃeɪd/,光被挡住后留下的暗处，也可减弱颜色或热度。,Sit in the shade.,坐到阴凉处。
shake,gt,摇动,quick back-and-forth motion,/ʃeɪk/,短促来回晃动，让身体或物体不再稳住。,Give the bottle a shake.,摇一下瓶子。
shame,gt,羞耻,painful feeling of guilt,/ʃeɪm/,觉得自己被看低或做错时，心里发烫想躲。,He felt shame.,他感到羞愧。
shock,gt,震惊,sudden strong feeling,/ʃɑk/,突然来的强刺激，让身体或心神一震。,The news was a shock.,这消息令人震惊。
side,gt,"侧,边",one of the surfaces,/saɪd/,中心旁边的一面，也可指立场所在的一边。,Stand on this side.,站到这边来。
sign,gt,"标志,迹象",mark or indication,/saɪn/,让人看见并明白某事的标记或迹象。,It's a good sign.,这是个好兆头。
silk,gt,丝绸,smooth cloth from silkworms,/sɪlk/,细滑有光的纤维织物，来自蚕吐出的丝。,She wore a silk scarf.,她戴着丝巾。
silver,gt,银,shiny gray-white metal,/ˈsɪlvɝ/,明亮偏白的贵重金属，像月光一样发冷光。,The ring is silver.,戒指是银的。
sister,gt,姐妹,a female sibling,/ˈsɪstɝ/,同父母或同家族的女性手足。,My sister is younger.,我妹妹比我小。
size,gt,"大小,尺寸",how big or small,/saɪz/,事物占据空间的大小，可被量出或比较。,What size do you wear?,你穿多大码?
sky,gt,天空,area above the earth,/skaɪ/,抬头所见的高远空面，云、光和星在那里。,The sky is blue.,天是蓝的。
sleep,gt,睡眠,natural rest of body and mind,/slip/,身体安静下来，意识退后，力量在暗中恢复。,Get a good sleep.,好好睡一觉。
slip,gt,滑倒;小条,sliding accident or small paper,/slɪp/,脚下或手中失去稳抓，轻快地滑走。,"Be careful, don't slip.","小心,别滑倒。"
slope,gt,斜坡,surface going up or down,/sloʊp/,地面从高到低倾斜展开的一段。,The slope is steep.,坡很陡。
smash,gt,打碎,violent breaking,/smæʃ/,用猛力击碎或撞坏，使完整东西散开。,The cup smash was loud.,杯子碎得很响。
smell,gt,气味,what is sensed by nose,/smɛl/,气味进入鼻子，被身体辨认出来。,This flower has a sweet smell.,这花闻起来很香。
smile,gt,微笑,happy face expression,/smaɪl/,嘴角轻轻上扬，露出友好或愉快的信号。,Give me a smile.,给我笑一个。
smoke,gt,烟,gas from burning,/smoʊk/,燃烧后升起的灰色气流，带着气味和遮挡。,Smoke filled the room.,烟弥漫了屋子。
sneeze,gt,喷嚏,sudden burst from nose,/sniz/,鼻子受刺激后猛地把气从口鼻喷出。,Cover your sneeze.,打喷嚏时捂住。
snow,gt,雪,white frozen drops from sky,/snoʊ/,寒冷中从云里落下的白色冰晶，覆盖地面。,Snow covers the road.,雪覆盖了路面。
soap,gt,肥皂,substance for washing,/soʊp/,遇水起滑泡的清洁物，把油污从表面带走。,Use soap and water.,用肥皂和水洗。
society,gt,社会,people living together,/səˈsaɪəti/,许多人按关系和规则共同生活成的大群体。,Society needs rules.,社会需要规则。
son,gt,儿子,male child,/sʌn/,一个家庭中的男性孩子，相对父母而言。,Their son is six.,他们的儿子六岁。
song,gt,歌曲,piece of music with words,/sɔŋ/,把话语和旋律合在一起唱出的声音。,Sing me a song.,给我唱首歌。
sort,gt,种类,a kind or type,/sɔɹt/,按相同和不同把东西分门别类，也指一种类型。,What sort of book?,什么样的书?
sound,gt,声音,what is heard by ears,/saʊnd/,空气震动传到耳中，让人听见的东西。,I heard a strange sound.,我听到了奇怪的声音。
soup,gt,汤,liquid food,/sup/,用水煮出味道的热食，液体中带着食材。,Have some hot soup.,喝点热汤。
space,gt,"空间,太空",empty area or the universe,/speɪs/,事物之间和周围可容纳东西的空处。,There's not enough space.,空间不够。
stage,gt,"舞台,阶段",platform or step in process,/steɪdʒ/,事情发展中的一个阶段，也指表演站上的台面。,She walked on stage.,她走上舞台。
start,gt,开始,beginning of something,/stɑɹt/,原本未动的事从这一点开始向前。,It's a good start.,开了个好头。
statement,gt,声明,clear expression of facts,/ˈsteɪtmənt/,把一件事明确说出来的句子或正式说法。,Make a statement.,发表声明。
steam,gt,蒸汽,hot gas from boiling water,/stim/,水受热后变成的白色热气，能推动也会烫人。,Steam rose from the cup.,杯子上升起蒸汽。
steel,gt,钢,very strong metal of iron,/stil/,由铁炼成的坚强金属，常用来支撑和切割。,The blade is steel.,刀刃是钢的。
step,gt,"步,台阶",one foot move or stair,/stɛp/,脚向前落下的一次，也是一件事的一小段。,Take a small step.,迈一小步。
stitch,gt,针脚,one movement of needle,/stɪtʃ/,针线穿过布面留下的一小针，把边缘连住。,A stitch in time saves nine.,"小洞不补,大洞吃苦。"
stone,gt,石头,hard mineral lump,/stoʊn/,从大地来的坚硬小块，冷重而不易变形。,He threw a stone.,他扔了块石头。
stop,gt,停止,end of motion,/stɑp/,正在动的事被按住，不再继续向前。,Make a quick stop.,赶紧停一下。
story,gt,故事,tale of events,/ˈstɔɹi/,把发生的事按先后讲成一条有意思的线。,Tell me a story.,给我讲个故事。
stretch,gt,伸展,making longer,/stɹɛtʃ/,把身体或东西拉长展开，越过原来的短处。,Give your back a stretch.,伸展一下背。
structure,gt,结构,how parts are put together,/ˈstɹʌktʃɝ/,各部分按关系搭在一起，形成稳定的形状。,The structure is sound.,结构稳固。
substance,gt,物质,matter or material,/ˈsʌbstəns/,实际占有形体的材料或东西，不只是表面名字。,What is this substance?,这是什么东西?
sugar,gt,糖,sweet white substance,/ˈʃʊɡɝ/,带甜味的晶体，给食物能量和甜感。,Add sugar to tea.,茶里加糖。
suggestion,gt,建议,idea offered,/səˈdʒɛstʃən/,把一个可能做法轻轻提出，让别人考虑。,That's a good suggestion.,这建议不错。
summer,gt,夏天,hottest season,/ˈsʌmɝ/,一年中最热、光最长的季节，万物旺盛。,Summer is here.,夏天到了。
support,gt,支持,help or hold up,/səˈpɔɹt/,从下面或背后托住，让人或事不倒不散。,Thanks for your support.,谢谢你的支持。
surprise,gt,惊讶,unexpected feeling,/səˈpɹaɪz/,事情突然不按预想出现，心里一下张开。,What a nice surprise!,真是个惊喜!
swim,gt,游泳,act of moving in water,/swɪm/,身体在水中移动，不让自己沉下去。,Go for a swim.,去游泳吧。
system,gt,系统,organized set of things,/ˈsɪstəm/,许多部分按规则连成整体，一起完成作用。,The system works well.,系统运转良好。
talk,gt,谈话,act of speaking,/tɔk/,人和人用话来回交换想法和消息。,Let's have a talk.,我们谈谈吧。
taste,gt,味道,flavor sensed in mouth,/teɪst/,舌头接住食物的味道，也指对好坏的感觉。,This soup has a strong taste.,这汤味道很重。
tax,gt,税,money paid to government,/tæks/,按规则交给公共权力的钱，用于共同事务。,Pay your tax on time.,按时纳税。
teaching,gt,教学,act of giving knowledge,/ˈtitʃɪŋ/,把知识和做法传给别人，使对方会明白会做。,Teaching is her passion.,教学是她的热情所在。
tendency,gt,倾向,inclination toward something,/ˈtɛndənsi/,事情自然偏向某个方向的力量或习惯。,He has a tendency to be late.,他有迟到的倾向。
test,gt,测试,way to check ability,/tɛst/,用题目或试验去看能力、真假或质量。,I passed the test.,我通过了考试。
theory,gt,理论,set of ideas explaining facts,/ˈθiɝi/,用来解释一类事情的想法框架和道理。,"In theory, it works.",理论上行得通。
thing,gt,"东西,事情",any object or matter,/θɪŋ/,可被指出的一样东西或一件事，边界很宽。,What's that thing?,那是什么东西?
thought,gt,想法,idea in the mind,/θɔt/,心里冒出的想法，能被抓住、整理或说出。,Penny for your thought.,你在想什么?
thunder,gt,雷,loud sound from sky,/ˈθʌndɝ/,闪电后天空发出的巨大滚响，震动远处。,Thunder shook the house.,雷声震得房子发抖。
time,gt,时间,"flow of past, present, future",/taɪm/,事情发生和流过的无形线，使先后有次序。,Time flies.,光阴似箭。
tin,gt,锡;罐头,soft silver metal or can,/tɪn/,柔软发亮的金属，也常指盛东西的薄罐。,A tin of beans.,一罐豆子。
top,gt,顶部,highest part,/tɑp/,最高或最外上的部分，离底部最远。,Reach the top of the hill.,爬到山顶。
touch,gt,触摸,physical contact,/tʌtʃ/,身体表面碰到东西，感觉到它的存在。,Just a light touch.,轻轻一碰。
trade,gt,贸易,buying and selling,/tɹeɪd/,双方交换货物、服务或钱，让各自得到所需。,International trade is growing.,国际贸易在增长。
transport,gt,运输,moving goods or people,/ˈtɹænspɔɹt/,把人或物从一个地方运到另一个地方。,Public transport is fast.,公共交通很快。
trick,gt,"诡计,把戏",clever or deceptive act,/tɹɪk/,用巧妙或欺骗的办法，让别人看错或上当。,He played a trick on me.,他耍了我一下。
trouble,gt,麻烦,problem or difficulty,/ˈtɹʌbəl/,让事情变难、让人不安的麻烦和阻碍。,He's in trouble.,他有麻烦了。
turn,gt,"转,轮流",act of rotating or one's chance,/tɝn/,围着一点改变方向，也指轮到某人行动。,It's your turn.,轮到你了。
twist,gt,扭转,turning around,/twɪst/,把东西绕着自身拧转，使直的变弯变紧。,Give it a twist.,扭一下。
unit,gt,"单位,单元",single thing or measure,/ˈjunət/,可单独计算的一份，也是整体中的基本小块。,One unit is sold.,卖了一个。
use,gt,使用,act of employing,/jus/,把东西拿来完成目的，使它发挥作用。,What's the use of this?,这有什么用?
value,gt,价值,how much something is worth,/ˈvælju/,一件东西被认为有多少用处、意义或价钱。,This has great value.,这很有价值。
verse,gt,诗句,writing in lines and rhythm,/vɝs/,按节奏排成行的文字，常带诗或歌的形状。,She wrote a verse.,她写了一段诗。
vessel,gt,容器;船,container or large boat,/ˈvɛsəl/,能装载液体、货物或人的容器或船体。,The vessel sailed at dawn.,船黎明启航。
view,gt,视野;观点,sight or opinion,/vju/,眼前展开的景象，也指心里看事情的角度。,The view is amazing.,景色真美。
voice,gt,"声音,嗓音",sound made when speaking,/vɔɪs/,从喉咙发出的个人声音，也代表说话权。,She has a soft voice.,她声音柔和。
walk,gt,散步,act of going on foot,/wɑk/,双脚交替踏地前进，速度平稳不急。,Take a walk.,去散步吧。
war,gt,战争,armed conflict,/wɔɹ/,群体之间用武力相争，和平被大规模打破。,War is terrible.,战争很可怕。
wash,gt,洗涤,act of cleaning with water,/wɑʃ/,用水和动作把污物从表面带走。,Give the car a wash.,给车洗个澡。
waste,gt,"浪费,废物",useless use or trash,/weɪst/,没有好好使用而白白流失，也指无用剩物。,It's a waste of time.,这是浪费时间。
water,gt,水,clear liquid we drink,/ˈwɔtɝ/,透明流动的液体，生命离不开它。,Drink more water.,多喝水。
wave,gt,波浪,moving ridge on water,/weɪv/,水面或空气中起伏前进的形状，也可挥手示意。,The waves are high.,浪很高。
wax,gt,蜡,soft substance from bees,/wæks/,可软化又能凝固的油性物，用来封、亮或成形。,The candle is made of wax.,蜡烛是蜡做的。
way,gt,"方法,路",method or route,/weɪ/,通向目标的路，也指做事所采用的方法。,What's the best way?,哪种方法最好?
weather,gt,天气,state of the air,/ˈwɛðɝ/,天空和空气当天的样子，如冷热风雨。,The weather is fine.,天气真好。
week,gt,一周,seven days,/wik/,七天连成的时间小循环，安排生活和工作。,See you next week.,下周见。
weight,gt,重量,how heavy something is,/weɪt/,身体或物体向下压的分量，可被称量。,What's the weight?,多重?
wind,gt,风,moving air,/wɪnd/,空气大范围流动，能吹动云、树和帆。,The wind is strong.,风很大。
wine,gt,葡萄酒,drink made from grapes,/waɪn/,由果汁发酵成的有酒力饮料，常带仪式感。,Red wine is good.,红酒不错。
winter,gt,冬天,coldest season,/ˈwɪntɝ/,一年中最冷的季节，生长放慢，世界收缩。,Winter is cold here.,这儿冬天很冷。
woman,gt,女人,adult female,/ˈwʊmən/,成年的女性人，带有女性身体和社会身份。,She's a kind woman.,她是个善良的女人。
wood,gt,木头,hard material from trees,/wʊd/,树干里的坚实材料，可燃、可建、可雕。,The chair is wood.,椅子是木头的。
wool,gt,羊毛,soft hair from sheep,/wʊl/,动物身上的柔软毛纤维，剪下后可保暖织物。,This sweater is wool.,这毛衣是羊毛的。
word,gt,"词,话",unit of language,/wɝd/,语言中可单独说出的意义小块，给思想命名。,Say the word.,说一句话。
work,gt,工作,task or job done,/wɝk/,把力气和时间投进去，完成有目的的事。,Good work today.,今天干得不错。
wound,gt,伤口,injury to body,/wund/,身体被切开或打伤留下的破损处。,Clean the wound.,把伤口洗干净。
writing,gt,写作,act of making letters,/ˈɹaɪtɪŋ/,把话和想法变成可看见的文字痕迹。,Her writing is clear.,她写得很清楚。
year,gt,年,twelve months,/jɪɹ/,四季走完一圈的时间，生活按它计数。,Happy new year.,新年快乐。
angle,pt,角,corner where two lines meet,/ˈæŋɡəl/,两条线相遇折出的方向转角。,Cut at a right angle.,直角切。
ant,pt,蚂蚁,small insect that lives in colonies,/ænt/,贴着地面成群搬运的小昆虫。,An ant is on the bread.,面包上有只蚂蚁。
apple,pt,苹果,round red or green fruit,/ˈæpəl/,手里可握的圆形脆甜果实。,An apple a day.,每天一苹果。
arch,pt,拱门,curved structure over an opening,/ɑɹtʃ/,向上弯起跨过开口的支撑形。,Walk through the arch.,从拱门下走过。
arm,pt,手臂,limb from shoulder to hand,/ɑɹm/,从肩伸出用来拿取拥抱的肢体。,Lift your arm up.,抬起手臂。
army,pt,军队,large group of soldiers,/ˈɑɹmi/,许多人按命令集结作战的队伍。,The army marched in.,军队开进来了。
baby,pt,婴儿,very young child,/ˈbeɪbi/,刚来到世界尚需照看的小生命。,The baby is sleeping.,宝宝在睡觉。
bag,pt,"包,袋子",soft container for things,/bæɡ/,柔软开口能装东西随身带的容器。,My bag is heavy.,我的包很重。
ball,pt,球,round object for sports,/bɔl/,能滚动能抛接的圆圆物体。,Throw me the ball.,把球扔给我。
band,pt,带子;乐队,strip or music group,/bænd/,绕住或连起事物的一条带状物。,A band of gold.,一条金色带子。
basin,pt,"盆,水池",round container for liquids,/ˈbeɪsən/,浅而宽用来盛水洗涤的盆形容器。,Wash hands in the basin.,在水池洗手。
basket,pt,篮子,woven container,/ˈbæskət/,编成网状可提可装物的轻容器。,A basket of apples.,一篮苹果。
bath,pt,"浴缸,洗澡",tub or act of washing body,/bæθ/,让身体浸入水中清洗的地方或过程。,Take a warm bath.,洗个热水澡。
bed,pt,床,furniture for sleeping,/bɛd/,让身体平躺休息睡眠的软平台。,Go to bed.,去睡觉。
bee,pt,蜜蜂,insect that makes honey,/bi/,飞在花间采蜜并会蜇人的小虫。,The bee landed on a flower.,蜜蜂落在花上。
bell,pt,铃,hollow object that rings,/bɛl/,被敲击后发出清亮声响的中空物。,The bell is ringing.,铃响了。
berry,pt,浆果,small soft fruit,/ˈbɛɹi/,小而多汁可一口吃下的圆果。,Pick wild berries.,采野果。
bird,pt,鸟,animal with feathers and wings,/bɝd/,有羽毛和翅膀能飞行的生灵。,A bird flew away.,鸟飞走了。
blade,pt,刀刃,sharp edge of a cutting tool,/bleɪd/,薄而锋利用来切开的边缘片。,The blade is sharp.,刀刃很锋利。
board,pt,木板,long flat piece of wood,/bɔɹd/,平直结实可承托或书写的板面。,Walk the board.,走在木板上。
boat,pt,船,small water craft,/boʊt/,浮在水上载人载物的小船体。,Take the boat across.,乘船过去。
bone,pt,骨头,hard part inside body,/boʊn/,藏在身体里支撑形状的硬架。,The dog has a bone.,狗有根骨头。
book,pt,书,bound pages for reading,/bʊk/,一页页合在一起承载文字的物。,Read this book.,读这本书。
boot,pt,靴子,high shoe,/but/,包住脚和踝部的结实高鞋。,Pull on your boots.,穿上靴子。
bottle,pt,瓶子,container with narrow neck,/ˈbɑtəl/,细口长身用来盛液体的容器。,A bottle of water.,一瓶水。
box,pt,盒子,square container,/bɑks/,有平面和边角能收纳物件的硬容器。,Put it in the box.,放进盒里。
boy,pt,男孩,young male child,/bɔɪ/,尚未长成男人的年少男性。,The boy is playing.,那男孩在玩。
brain,pt,大脑,organ in the head,/bɹeɪn/,头颅中思考感知和指挥身体的核心。,Use your brain.,动动脑子。
brake,pt,刹车,device to stop a vehicle,/bɹeɪk/,让运动慢下来或停住的控制件。,Hit the brake.,踩刹车。
branch,pt,树枝,arm of a tree,/bɹæntʃ/,从树干伸出的分叉木臂。,A branch broke off.,一根树枝断了。
brick,pt,砖,hard block for building,/bɹɪk/,一块块烧硬后可砌墙的长方土石。,Build a wall of brick.,用砖砌墙。
bridge,pt,桥,structure across water,/bɹɪdʒ/,跨过水沟或空处连接两端的结构。,Cross the bridge.,过桥。
brush,pt,刷子,tool with bristles,/bɹʌʃ/,带许多细毛用来刷洗涂抹的工具。,Use a brush for paint.,用刷子刷漆。
bucket,pt,桶,open container with handle,/ˈbʌkət/,有提手可盛水搬物的深桶。,Fill the bucket.,把桶装满。
bulb,pt,灯泡;球茎,glass for light or plant root,/bʌlb/,圆鼓外壳里能发光或生芽的头状物。,Change the bulb.,换灯泡。
button,pt,纽扣,small disk to fasten clothes,/ˈbʌtən/,小圆片穿过扣眼把衣物合住。,A button came off.,一颗扣子掉了。
cake,pt,蛋糕,sweet baked food,/keɪk/,烤成的柔软甜食常被切块分享。,Have a piece of cake.,吃块蛋糕。
camera,pt,相机,device for taking pictures,/ˈkæmɝə/,把眼前景象留下成影像的器具。,Bring your camera.,带上相机。
card,pt,卡片,small stiff paper,/kɑɹd/,一张小而硬的片子承载信息或用途。,Send me a card.,给我寄张卡。
cart,pt,手推车,small wagon,/kɑɹt/,有轮子可推拉搬运东西的小车。,Push the cart.,推车。
carriage,pt,"马车,车厢",vehicle pulled by horses,/ˈkæɹɪdʒ/,载人或载物移动的车厢式结构。,A horse-drawn carriage.,马拉的车。
cat,pt,猫,small furry pet,/kæt/,柔软敏捷会捕鼠也会亲近人的小兽。,The cat is sleeping.,猫在睡觉。
chain,pt,链子,line of joined metal rings,/tʃeɪn/,一环扣一环连成长条的金属物。,A chain of mountains.,一条山脉。
cheese,pt,奶酪,food from milk,/tʃiz/,奶凝成的浓香软硬食物。,"Bread and cheese, please.",请给我面包和奶酪。
chest,pt,胸部;箱子,upper body or storage box,/tʃɛst/,身体前方护着心肺的宽厚部位。,A pain in the chest.,胸口疼。
chin,pt,下巴,part of face below mouth,/tʃɪn/,脸下端突出承接嘴部的骨感部位。,He has a strong chin.,他下巴线条很硬。
church,pt,教堂,building for Christian worship,/tʃɝtʃ/,人们聚集祈祷敬拜的宗教建筑。,Go to church on Sunday.,周日去教堂。
circle,pt,圆,round shape,/ˈsɝkəl/,围绕中心没有角也不断开的圆形线。,Draw a circle.,画个圆。
clock,pt,时钟,device that shows time,/klɑk/,用指针或数字显示时间流动的器具。,The clock is fast.,钟快了。
cloud,pt,云,white mass in sky,/klaʊd/,漂在天空中聚成团的水汽形状。,A cloud blocked the sun.,云挡住了太阳。
coat,pt,外套,outer garment,/koʊt/,穿在外层挡风保暖的长衣。,Put on your coat.,穿上外套。
collar,pt,衣领,part of shirt around neck,/ˈkɑlɝ/,围在脖子周围的衣领部分。,His collar is white.,他的衣领是白的。
comb,pt,梳子,tool for hair,/koʊm/,带一排细齿用来理顺头发的工具。,Use a comb.,用梳子。
cord,pt,"绳,线",thin rope,/kɔɹd/,柔软细长可绑扎连接的绳线。,Tie it with a cord.,用绳子绑上。
cow,pt,母牛,large animal that gives milk,/kaʊ/,产奶吃草体形厚重的家养大兽。,The cow gives milk.,母牛产奶。
cup,pt,杯子,small drinking vessel,/kʌp/,可握在手中盛饮料的小容器。,A cup of tea.,一杯茶。
curtain,pt,窗帘,cloth covering a window,/ˈkɝtən/,挂在窗前可拉开遮住视线的布。,Pull the curtain.,拉上窗帘。
cushion,pt,垫子,soft pad for comfort,/ˈkʊʃən/,垫在身下或背后使人柔软舒适的垫物。,Sit on a cushion.,坐在垫子上。
dog,pt,狗,common pet animal,/dɔɡ/,忠于主人会看守陪伴的家养兽。,The dog barks.,狗在叫。
door,pt,门,opening with hinges,/dɔɹ/,墙上可开合让人进出的板。,Close the door.,关门。
drain,pt,排水管,pipe for waste water,/dɹeɪn/,让水从低处流走的孔道。,The drain is blocked.,下水道堵了。
drawer,pt,抽屉,sliding storage box,/dɹɔɹ/,可从柜中拉出的收纳盒。,Open the drawer.,打开抽屉。
dress,pt,连衣裙,woman's outer garment,/dɹɛs/,从肩垂下包住身体的女式连衣物。,A red dress.,一条红裙子。
drop,pt,水滴,small round bit of liquid,/dɹɑp/,从液体分出的小圆珠。,A drop of water.,一滴水。
ear,pt,耳朵,organ for hearing,/iɹ/,头两侧接收声音的外露器官。,My ear hurts.,我耳朵疼。
egg,pt,蛋,oval thing laid by birds,/ɛɡ/,薄壳包着新生命或食物的圆体。,Boil two eggs.,煮两个蛋。
engine,pt,引擎,machine that makes power,/ˈɛndʒən/,把能量转成运动力量的机器心脏。,The engine roared.,引擎轰鸣。
eye,pt,眼睛,organ for seeing,/aɪ/,让光进入身体形成视觉的器官。,Close your eyes.,闭上眼睛。
face,pt,脸,front of head,/feɪs/,头前方显出表情和身份的部分。,Wash your face.,洗脸。
farm,pt,农场,land for growing food,/fɑɹm/,种作物养牲畜获取食物的土地。,Live on a farm.,住在农场。
feather,pt,羽毛,light part of bird's covering,/ˈfɛðɝ/,覆盖鸟身帮助保暖飞行的轻片。,As light as a feather.,轻如鸿毛。
finger,pt,手指,one of five parts on hand,/ˈfɪŋɡɝ/,手掌末端能触摸抓握的细长部分。,Point with your finger.,用手指点。
fish,pt,鱼,animal living in water,/fɪʃ/,在水中用鳍游动呼吸的动物。,Catch a fish.,钓条鱼。
flag,pt,旗帜,cloth showing country or sign,/flæɡ/,挂在杆上随风显示身份的布片。,The flag flies high.,旗帜高高飘扬。
floor,pt,地板,bottom surface of a room,/flɔɹ/,脚下承托站立行走的平面。,Sit on the floor.,坐在地板上。
fly,pt,苍蝇,small flying insect,/flaɪ/,带翅膀嗡嗡乱飞的小昆虫。,There's a fly on the window.,窗上有只苍蝇。
foot,pt,脚,part of leg below ankle,/fʊt/,身体最下端支撑行走的部位。,My foot hurts.,我脚疼。
fork,pt,叉子,tool with prongs for eating,/fɔɹk/,带几根尖齿用来叉取食物的器具。,Use a fork.,用叉子。
fowl,pt,家禽,bird kept for food,/faʊl/,家中饲养可下蛋可食用的禽鸟。,Raise fowl on the farm.,农场养家禽。
frame,pt,框架,border or structure,/fɹeɪm/,围住边缘支撑形状的外架。,A picture frame.,相框。
garden,pt,花园,area with plants,/ˈɡɑɹdən/,种花草树木供照看欣赏的小地。,Work in the garden.,在花园里干活。
girl,pt,女孩,young female child,/ɡɝl/,尚未长成女人的年少女性。,The girl is happy.,那女孩很开心。
glove,pt,手套,covering for hand,/ɡlʌv/,套住手掌和手指的柔软护套。,Wear warm gloves.,戴上保暖手套。
goat,pt,山羊,horned farm animal,/ɡoʊt/,有角善攀吃草的家养小兽。,The goat eats grass.,山羊在吃草。
gun,pt,枪,weapon that shoots,/ɡʌn/,把弹丸快速射出去的武器。,He put down the gun.,他放下了枪。
hair,pt,头发,threads growing on head,/hɛɹ/,从皮肤长出的细丝状覆盖物。,Her hair is long.,她头发很长。
hammer,pt,锤子,tool for hitting nails,/ˈhæmɝ/,用沉重头部敲打钉物的工具。,Use a hammer.,用锤子。
hand,pt,手,part of arm with fingers,/hænd/,手臂末端能抓握创造的部位。,Give me your hand.,把手给我。
hat,pt,帽子,head covering,/hæt/,戴在头上遮阳保暖或表身份的物。,Wear a sun hat.,戴顶遮阳帽。
head,pt,头,top part of body,/hɛd/,身体最高处容纳脸和脑的部位。,My head hurts.,我头疼。
heart,pt,心脏,organ that pumps blood,/hɑɹt/,胸中不断跳动推动血液的核心。,My heart beats fast.,我心跳很快。
hook,pt,钩子,curved metal for catching,/hʊk/,弯成钩状用来挂住拉住的物。,Hang it on the hook.,挂到钩子上。
horn,pt,角;喇叭,hard growth on animal head,/hɔɹn/,头上长出的硬尖角或发声器。,The bull has horns.,公牛有角。
horse,pt,马,large animal for riding,/hɔɹs/,强壮善跑可骑乘拉车的大兽。,Ride the horse.,骑马。
hospital,pt,医院,place for sick people,/ˈhɑˌspɪtəl/,病人接受照护和治疗的地方。,Take her to hospital.,送她去医院。
house,pt,房子,building where people live,/haʊs/,围出安全空间供人居住的建筑。,My house is small.,我家房子小。
island,pt,岛,land with water all around,/ˈaɪlənd/,四周被水围住的一块陆地。,The island is small.,这岛很小。
jewel,pt,宝石,precious stone,/ˈdʒuəl/,因光泽稀少而被珍藏佩戴的宝物。,The ring has a jewel.,戒指上有颗宝石。
kettle,pt,水壶,pot for boiling water,/ˈkɛtəl/,有嘴有把用来烧水倒水的壶。,Put the kettle on.,烧上水。
key,pt,钥匙,metal piece to open lock,/ki/,插入锁中转动后打开入口的小物。,I lost my key.,我丢了钥匙。
knee,pt,膝盖,middle joint of leg,/ni/,腿中间弯曲支撑下蹲的关节。,Bend your knee.,弯膝盖。
knife,pt,刀,sharp tool for cutting,/naɪf/,握在手中用锋刃切分东西的工具。,Use a sharp knife.,用锋利的刀。
knot,pt,结,tied loop in rope,/nɑt/,绳线自身交缠后形成的紧结。,Make a strong knot.,打个结实的结。
leaf,pt,叶子,flat green part of plant,/lif/,树枝上展开吸收阳光的薄绿片。,The leaf is yellow.,叶子黄了。
leg,pt,腿,limb for walking,/lɛɡ/,支撑身体站立奔走的长肢。,My leg is sore.,我腿疼。
library,pt,图书馆,place with books,/ˈlaɪbɹɛˌɹi/,收藏书本供人查阅学习的地方。,Borrow from the library.,从图书馆借。
line,pt,线,long thin mark,/laɪn/,从一点延向另一点的细长痕迹。,Draw a straight line.,画条直线。
lip,pt,嘴唇,edge of mouth,/lɪp/,围住口边用于闭合说话的柔软边。,Bite your lip.,咬嘴唇。
lock,pt,锁,device that fastens,/lɑk/,把门箱固定住需钥匙开启的装置。,Turn the lock.,转动锁。
map,pt,地图,drawing of an area,/mæp/,把大地位置缩小画在平面上的图。,Read the map.,看地图。
match,pt,火柴,short stick that lights fire,/mætʃ/,一擦即燃用来点火的小木棒。,Light a match.,点根火柴。
monkey,pt,猴子,climbing animal with tail,/ˈmʌŋki/,灵活攀跳像人的长尾兽。,The monkey climbed up.,猴子爬上去了。
moon,pt,月亮,earth's satellite,/mun/,夜空中反光变化圆缺的天体。,The moon is bright.,月亮很亮。
mouth,pt,嘴,opening for eating,/maʊθ/,吃东西说话呼吸的面部开口。,Open your mouth.,张开嘴。
muscle,pt,肌肉,body tissue that moves bones,/ˈmʌsəl/,收缩发力让身体运动的肉。,Build muscle.,练肌肉。
nail,pt,钉子;指甲,metal pin or finger end,/neɪl/,手脚尖端或钉入木中的硬片。,Hammer the nail.,锤钉子。
neck,pt,脖子,part between head and body,/nɛk/,连接头和身体的可转动柱状部位。,My neck hurts.,我脖子疼。
needle,pt,针,thin pointed tool,/ˈnidəl/,细长尖锐可穿刺或引线的工具。,Thread the needle.,穿针引线。
nerve,pt,神经,fiber carrying body signals,/nɝv/,在身体里传递感觉和命令的细线。,He has nerves of steel.,他有钢铁般的神经。
net,pt,网,mesh of strings,/nɛt/,许多线交织成孔用来捕捉承托的物。,Catch fish with a net.,用网抓鱼。
nose,pt,鼻子,organ for smelling,/noʊz/,脸中央闻气味并呼吸的突出部位。,Blow your nose.,擤鼻涕。
nut,pt,坚果;螺母,hard-shelled seed or fastener,/nʌt/,硬壳包住可食仁的小果实或紧固件。,Crack the nut.,敲开坚果。
office,pt,办公室,place where work is done,/ˈɔfɪs/,人们坐下处理事务工作的房间。,Go to the office.,去办公室。
orange,pt,橙子,round citrus fruit,/ˈɔɹəndʒ/,圆而多汁带清香的橙色果实。,Peel the orange.,剥橙子。
oven,pt,烤箱,enclosed space for cooking,/ˈʌvən/,用封闭热空间烤熟食物的器具。,Put it in the oven.,放进烤箱。
parcel,pt,包裹,wrapped package,/ˈpɑɹsəl/,包好后等待搬运寄送的一件物。,A parcel arrived for you.,你的包裹到了。
pen,pt,钢笔,writing tool with ink,/pɛn/,握在手里让墨水留下字迹的工具。,Write with a pen.,用笔写。
pencil,pt,铅笔,writing tool with lead,/ˈpɛnsəl/,用石墨尖在纸上留下可擦痕迹。,Sharpen the pencil.,削铅笔。
picture,pt,图画,painting or photograph,/ˈpɪktʃɝ/,把景物或想法呈现在平面上的图像。,A beautiful picture.,一幅美丽的画。
pig,pt,猪,farm animal raised for meat,/pɪɡ/,短腿厚身常被饲养取肉的动物。,The pig is in the mud.,猪在泥里。
pin,pt,别针,thin sharp piece of metal,/pɪn/,细小尖物可刺入固定东西。,Pin it to the board.,把它别在板上。
pipe,pt,管子,tube for liquid or gas,/paɪp/,中空长管让水气烟通过。,The pipe is leaking.,管子漏了。
plane,pt,飞机,flying machine,/pleɪn/,带翼在空中载人载物飞行的机器。,The plane took off.,飞机起飞了。
plate,pt,盘子,flat dish for food,/pleɪt/,平而浅用来盛放食物的盘。,Clean the plate.,把盘子刷干净。
plough,pt,犁,farm tool to break soil,/plaʊ/,翻开土地准备播种的农具。,Drive the plough.,驾驶犁。
pocket,pt,口袋,small bag in clothes,/ˈpɑkət/,衣物上缝出的可放小物的袋。,In my pocket.,在我口袋里。
pot,pt,"罐,锅",deep round container,/pɑt/,深腹容器用来煮盛或栽种东西。,A pot of tea.,一壶茶。
potato,pt,土豆,round root vegetable,/pəˈteɪˌtoʊ/,长在土里的淀粉块茎食物。,Mash the potato.,把土豆压碎。
prison,pt,监狱,place for criminals,/ˈpɹɪzən/,把犯错者关住限制自由的地方。,He went to prison.,他进了监狱。
pump,pt,泵,machine moving liquid,/pʌmp/,借力量把液体或气体推送出去的装置。,Use the pump.,用泵。
rail,pt,铁轨,metal track for trains,/ɹeɪl/,细长坚硬的栏杆或车轮行走的轨。,The train left the rail.,火车出轨了。
rat,pt,老鼠,large mouse,/ɹæt/,尖嘴长尾善啃咬的大老鼠。,A rat ran by.,老鼠跑过。
receipt,pt,收据,paper proving payment,/ɹiˈsit/,证明钱物已交付的一张凭据。,Keep your receipt.,留好收据。
ring,pt,"戒指,环",round band of metal,/ɹɪŋ/,围成圆圈可套在手上或连接的物。,She wears a gold ring.,她戴着金戒指。
rod,pt,"杆,棒",long thin pole,/ɹɑd/,直而细长有硬度的棍状物。,A fishing rod.,一根鱼竿。
roof,pt,屋顶,top covering of building,/ɹuf/,盖在建筑最上方挡雨遮阳的面。,The roof is red.,屋顶是红色的。
root,pt,根,part of plant in soil,/ɹut/,植物伸入土中吸水并固定身体的部分。,The tree has deep roots.,树根扎得深。
sail,pt,帆,cloth on a boat,/seɪl/,借风张开推动船前进的大布。,Set the sail.,扬帆。
school,pt,学校,place for learning,/skul/,孩子聚集接受教导学习的地方。,Go to school.,去上学。
scissors,pt,剪刀,two-bladed cutting tool,/ˈsɪzɝz/,两片交叉刀刃合拢剪断东西的工具。,Use the scissors.,用剪刀。
screw,pt,螺丝,metal pin with twisting grooves,/skɹu/,带旋纹转进去固定物件的小钉。,Tighten the screw.,拧紧螺丝。
seed,pt,种子,small part of plant for growing,/sid/,藏着新植物开端的小颗粒。,Plant the seed.,播下种子。
sheep,pt,羊,woolly farm animal,/ʃip/,披着厚毛温顺吃草的家畜。,The sheep graze in the field.,羊在田里吃草。
shelf,pt,架子,flat board for storage,/ʃɛlf/,固定在墙上或柜中放物的横板。,Put it on the shelf.,放架子上。
ship,pt,"船,轮船",large boat,/ʃɪp/,在水面远行载人大量货物的大船。,The ship sailed away.,轮船开走了。
shirt,pt,衬衫,upper body garment,/ʃɝt/,穿在上身贴近身体的有袖衣物。,He wears a white shirt.,他穿着白衬衫。
shoe,pt,鞋,covering for foot,/ʃu/,包住脚底保护行走的穿物。,Tie your shoe.,系鞋带。
skin,pt,皮肤,outer covering of body,/skɪn/,覆盖全身分隔内外的柔韧表层。,Her skin is soft.,她皮肤很滑。
skirt,pt,裙子,woman's lower garment,/skɝt/,围在腰下垂落不分腿的衣物。,A long skirt.,一条长裙。
snake,pt,蛇,long animal without legs,/sneɪk/,无腿细长靠身体弯动前进的动物。,A snake in the grass.,草里有蛇。
sock,pt,袜子,soft covering for foot,/sɑk/,贴脚穿在鞋内吸汗保暖的织物。,Put on clean socks.,穿干净袜子。
spade,pt,铲,flat tool for digging,/speɪd/,用脚手发力挖土翻土的铲具。,Dig with a spade.,用铲挖。
sponge,pt,海绵,soft absorbent material,/spʌndʒ/,多孔柔软吸水后可擦洗的物。,Wipe with a sponge.,用海绵擦。
spoon,pt,勺,tool for eating liquid food,/spun/,带凹面用来舀取食物液体的器具。,Use a spoon for soup.,喝汤用勺。
spring,pt,弹簧;春天,coiled metal or season,/spɹɪŋ/,卷曲金属受压后能弹回的物。,The spring is broken.,弹簧坏了。
square,pt,正方形,shape with four equal sides,/skwɛɹ/,四边相等四角端正的平面形。,Draw a square.,画个正方形。
stamp,pt,邮票,paper stuck on mail,/stæmp/,小纸片或印记证明邮寄缴费身份。,Buy a stamp.,买张邮票。
star,pt,星星,bright light in night sky,/stɑɹ/,夜空中远远发光的小点天体。,Stars shine bright.,星光灿烂。
station,pt,车站,place for trains or buses,/ˈsteɪʃən/,车船停靠人们上下换乘的地点。,Meet at the station.,在车站见。
stem,pt,茎,main stalk of plant,/stɛm/,植物向上支撑叶花的细长主体。,The flower stem is long.,花茎很长。
stick,pt,棍子,long thin piece of wood,/stɪk/,可握可撑可打的细长木条。,Pick up the stick.,捡起棍子。
stocking,pt,长袜,long sock,/ˈstɑkɪŋ/,从脚包到腿上的长筒织物。,Christmas stocking.,圣诞袜。
stomach,pt,"胃,肚子",organ for digestion,/ˈstʌmək/,腹中接收并消化食物的袋状器官。,My stomach hurts.,我肚子疼。
store,pt,商店,place to buy things,/stɔɹ/,集中摆放货物让人购买的地方。,Go to the store.,去商店。
street,pt,街道,road in town,/stɹit/,房屋之间供人车通行的道路。,Walk down the street.,沿街走。
sun,pt,太阳,star giving us light,/sʌn/,白天照亮并温暖万物的天体。,The sun is bright.,太阳很刺眼。
table,pt,桌子,furniture with flat top,/ˈteɪbəl/,有平面和支脚供放物做事的家具。,Set the table.,摆桌子。
tail,pt,尾巴,rear part of animal,/teɪl/,动物身体后端伸出的活动部分。,The dog wagged its tail.,狗摇尾巴。
thread,pt,线,thin string for sewing,/θɹɛd/,细长纤维线可缝合连接物件。,Pull the thread.,拉一下线。
throat,pt,喉咙,passage in neck,/θɹoʊt/,口腔通向身体深处发声吞咽的通道。,My throat is sore.,我嗓子疼。
thumb,pt,拇指,thick finger,/θʌm/,手上能与四指相对帮助抓握的粗指。,Thumbs up!,赞一个!
ticket,pt,票,paper for entry or travel,/ˈtɪkət/,允许进入乘坐或领取的一张凭证。,Show your ticket.,出示票。
toe,pt,脚趾,one of five on foot,/toʊ/,脚前端帮助平衡行走的小指。,Stub your toe.,碰到脚趾。
tongue,pt,舌头,organ in mouth,/tʌŋ/,口中柔软会尝味并帮助说话的肉。,Stick out your tongue.,伸出舌头。
tooth,pt,牙齿,hard part in mouth,/tuθ/,口中坚硬咬断磨碎食物的小骨。,Brush your teeth.,刷牙。
town,pt,城镇,medium settlement,/taʊn/,房屋道路和人群聚成的生活区域。,A small town.,一个小镇。
train,pt,火车,long vehicle on rails,/tɹeɪn/,多节车厢沿轨道成列前进的车。,Catch the train.,赶火车。
tray,pt,托盘,flat dish for carrying,/tɹeɪ/,平浅带边用来端送物品的盘。,Bring the tray.,把托盘端来。
tree,pt,树,tall plant with trunk,/tɹi/,有根干枝叶向上生长的高大植物。,Climb the tree.,爬树。
trousers,pt,裤子,garment for lower body,/ˈtɹaʊzɝz/,从腰分成两管包住双腿的衣物。,Wear black trousers.,穿黑裤子。
umbrella,pt,伞,cover against rain,/ʌmˈbɹɛlə/,撑开在头上挡雨遮阳的伞状物。,Open the umbrella.,打开伞。
wall,pt,墙,vertical side of room,/wɔl/,竖起分隔空间并支撑屋子的面。,Hang it on the wall.,挂在墙上。
watch,pt,手表,small clock for wrist,/wɑtʃ/,戴在身上随时查看时间的小表。,My watch is fast.,我表快了。
wheel,pt,轮子,round thing that turns,/wil/,围绕中心转动带动车辆前行的圆件。,The wheel turns.,轮子在转。
whip,pt,鞭子,long strap for hitting,/wɪp/,柔韧长条挥动后抽打驱使的物。,Crack the whip.,挥鞭子。
whistle,pt,哨子,thing that makes high sound,/ˈwɪsəl/,吹气后发出尖亮信号声的小器具。,Blow the whistle.,吹哨子。
window,pt,窗户,glass opening in wall,/ˈwɪndoʊ/,墙上透光通风也可观看外面的开口。,Open the window.,开窗。
wing,pt,翅膀,part for flying,/wɪŋ/,鸟或机器两侧帮助飞起的展开部分。,The bird spread its wings.,鸟展开翅膀。
wire,pt,金属丝,thin metal thread,/ˈwaɪɝ/,细长金属线可传力传电或捆扎。,Twist the wire.,拧一下金属丝。
worm,pt,虫子,long thin animal in soil,/wɝm/,柔软细长在土中蠕动的小生物。,A worm in the apple.,苹果里有虫。
able,qg,能够的,having the power to do,/ˈeɪbəl/,里面有足够力量，事情伸手就能做到。,She is able to swim.,她会游泳。
acid,qg,酸的,having sour taste,/ˈæsəd/,舌头被尖酸刺到，味道带着咬人的劲。,Lemons taste acid.,柠檬尝起来酸。
angry,qg,愤怒的,feeling strong displeasure,/ˈæŋɡɹi/,心里火气上冲，想推开眼前的不顺。,Don't be angry with me.,别生我气。
automatic,qg,自动的,working by itself,/ˌɔtəˈmætɪk/,不用人再推动，机关自己按路子运转。,An automatic door.,自动门。
beautiful,qg,美丽的,pleasing to look at,/ˈbjutəfəl/,一眼看去让心停住，形色带来愉悦。,What a beautiful day!,多美的一天!
black,qg,黑色的,darkest color,/blæk/,光被吞进去，只剩最深最重的暗色。,A black cat.,一只黑猫。
boiling,qg,沸腾的,"very hot, bubbling",/ˈbɔɪlɪŋ/,热力把液体顶起，泡泡翻滚不安。,Boiling water hurts.,沸水会烫伤人。
bright,qg,明亮的,giving much light,/bɹaɪt/,光从里面射出来，眼前一下变清亮。,A bright lamp.,一盏明亮的灯。
broken,qg,破碎的,in pieces or not working,/ˈbɹoʊkən/,原本连成一体的东西裂开，不能照常用。,The glass is broken.,玻璃碎了。
brown,qg,棕色的,color of wood or earth,/bɹaʊn/,像泥土木头烤面包，带着温厚暗色。,Brown bread is healthier.,棕色面包更健康。
cheap,qg,便宜的,costing little,/tʃip/,拿出很少代价，就能把东西带走。,This is a cheap shop.,这是家便宜店。
chemical,qg,化学的,related to chemistry,/ˈkɛməkəl/,物质在看不见的层面彼此反应变化。,A chemical reaction.,化学反应。
chief,qg,主要的,most important,/tʃif/,众多事物中站在最前，决定主要方向。,The chief reason.,主要原因。
clean,qg,干净的,free from dirt,/klin/,污点被去掉，表面恢复清爽无杂。,Wash your hands clean.,把手洗干净。
clear,qg,清楚的,easy to see or understand,/klɪɹ/,中间没有遮挡，眼睛和脑子都能穿过去。,The water is clear.,水很清。
common,qg,普通的,usual or shared,/ˈkɑmən/,到处都能碰见，大家共享而不稀奇。,A common sight.,常见的景象。
complex,qg,复杂的,having many parts,/ˈkɑmplɛks/,许多部分缠在一起，不能一眼拆明白。,A complex problem.,复杂的问题。
conscious,qg,有意识的,awake and aware,/ˈkɑnʃəs/,心灯亮着，知道自己和周围正在发生什么。,He is conscious of his faults.,他意识到自己的缺点。
cut,qg,切的,divided with a sharp tool,/kʌt/,被利器分开，原来的连续性留下断口。,Cut flowers wilt fast.,剪下的花谢得快。
deep,qg,深的,going far down,/dip/,从表面往下延伸很远，底部不易触到。,A deep well.,一口深井。
dependent,qg,依赖的,relying on another,/dɪˈpɛndənt/,自身站不稳，要靠另一方支撑才成立。,Children are dependent on parents.,孩子依赖父母。
early,qg,早的,before usual time,/ˈɝli/,比大家预期先到，时间还在前头。,An early start.,早早出发。
elastic,qg,有弹性的,able to stretch and return,/ɪˈlæstɪk/,被拉长后还能缩回，像有回弹记忆。,An elastic band.,橡皮筋。
electric,qg,电的,running on electricity,/ɪˈlɛktɹɪk/,带着电的驱动力，能点亮或推动机器。,An electric car.,一辆电动车。
equal,qg,相等的,the same in amount,/ˈikwəl/,两边放在天平上，分量正好相配。,All people are equal.,人人平等。
fat,qg,胖的,having much body flesh,/fæt/,身体或物体积了厚厚一层多余肉感。,A fat cat sat on the mat.,一只胖猫坐在垫子上。
fertile,qg,肥沃的,able to produce much,/ˈfɝtəl/,里面有生长的养分，撒下种子容易结果。,The land is fertile.,土地肥沃。
first,qg,第一的,before all others,/fɝst/,排在所有之前，最先踏出那一步。,The first time I met you.,我们第一次见面。
fixed,qg,固定的,not moving or changing,/fɪkst/,位置或数值被钉住，不再随便移动变化。,A fixed price.,固定价格。
flat,qg,平的,smooth and level,/flæt/,表面铺展开来，没有明显高低起伏。,A flat surface.,平面。
free,qg,自由的;免费的,not controlled or no cost,/fɹi/,束缚被松开，也可能不需要付出代价。,Free of charge.,免费。
frequent,qg,频繁的,happening often,/ˈfɹiːkwənt/,同一件事不断回来，间隔很短地出现。,He pays frequent visits.,他经常来访。
full,qg,满的,holding as much as possible,/fʊl/,容器被装到边缘，几乎再放不进去。,The cup is full.,杯子满了。
general,qg,一般的,not specific or for all,/ˈdʒɛnɝəl/,从大面上看整体，不落到某个细点。,A general idea.,大致的想法。
good,qg,好的,of high quality,/ɡʊd/,状态合人期待，带来可接受的正面价值。,A good book.,一本好书。
great,qg,伟大的,of large size or quality,/ɡɹeɪt/,尺寸或分量超出平常，让人不得不看重。,A great man.,一位伟人。
grey,qg,灰色的,color between black and white,/ɡɹeɪ/,黑白之间的雾色，光暗被调和在一起。,Grey clouds bring rain.,灰云带来雨。
hanging,qg,悬挂的,suspended from above,/ˈhæŋɡɪŋ/,上端被系住，身体悬在空中向下垂。,Hanging flowers.,挂着的花。
happy,qg,快乐的,feeling joy,/ˈhæpi/,心里轻快发亮，像事情正合自己的愿望。,A happy child.,一个快乐的孩子。
hard,qg,硬的;困难的,firm or difficult,/hɑɹd/,表面抗住压力，也像任务难以推进。,A hard rock.,硬石头。
healthy,qg,健康的,not sick,/ˈhɛlθi/,生命运转顺畅，身体没有被病弱拖住。,Eat healthy food.,吃健康食物。
high,qg,高的,reaching far up,/haɪ/,位置远离地面，向上伸到更高处。,A high tower.,一座高塔。
hollow,qg,空心的,empty inside,/ˈhɑloʊ/,外壳还在，里面却空出一块空间。,A hollow tree.,空心树。
important,qg,重要的,of great value,/ˌɪmˈpɔɹtənt/,放在秤上分量很重，会影响后面的事情。,An important meeting.,重要会议。
kind,qg,友善的;种类,caring or a type,/kaɪnd/,对别人带着温柔照看，不用力量伤人。,She is very kind.,她非常善良。
like,qg,相似的,similar to,/laɪk/,两样东西彼此照应，看上去有相同影子。,He's like his father.,他像他父亲。
living,qg,活的,alive,/ˈlɪvɪŋ/,里面有生命气息，会呼吸生长并回应世界。,All living things need air.,所有生物都需要空气。
long,qg,长的,measuring much,/lɔŋ/,从一头到另一头拉得很远，过程被延长。,A long road.,一条长路。
male,qg,男性的,of the man sex,/meɪl/,带着雄性身份，与生育角色中的男方相连。,A male doctor.,男医生。
married,qg,已婚的,having a husband or wife,/ˈmɛɹid/,两个人被婚姻系在一起，生活归入同一结。,They are happily married.,他们婚姻幸福。
material,qg,物质的,made of matter,/məˈtɪɹiəl/,能摸到占地方，属于现实物质而非想法。,Material things matter less.,物质的东西不那么重要。
medical,qg,医学的,related to medicine,/ˈmɛdəkəl/,围绕身体病痛与治疗，带着诊治气味。,Medical care is costly.,医疗费用高。
military,qg,军事的,related to armed forces,/ˈmɪləˌtɛɹi/,属于军队和武力秩序，带着作战纪律。,Military service is hard.,军队服役很艰苦。
natural,qg,自然的,"from nature, not man-made",/ˈnætʃɝəl/,从天地本身长出来，没有人工硬造痕迹。,Natural beauty.,自然之美。
necessary,qg,必要的,needed,/ˈnɛsəˌsɛɹi/,少了它事情就不能成，是必须放进去的一环。,Sleep is necessary.,睡眠是必需的。
new,qg,新的,recently made,/nju/,刚进入世界，还没有被旧痕迹磨过。,A new car.,一辆新车。
normal,qg,正常的,usual and ordinary,/ˈnɔɹməl/,落在平常轨道上，没有偏出大家预期。,Normal body temperature.,正常体温。
open,qg,开着的,not closed,/ˈoʊpən/,门口没有关住，空间向外让人进入。,The door is open.,门开着。
parallel,qg,平行的,always the same distance apart,/ˈpɛɹəˌlɛl/,两条线并肩前行，始终保持同样距离。,Parallel lines never meet.,平行线永不相交。
past,qg,过去的,belonging to time before,/pæst/,已经走到身后，属于时间里翻过的一页。,In past years.,过去几年里。
physical,qg,身体的,related to body or matter,/ˈfɪzɪkəl/,落在身体或物体上，能被现实力量碰到。,Physical exercise is good.,运动有好处。
political,qg,政治的,related to government,/pəˈlɪtəkəl/,围绕权力和治理，牵动公共选择。,Political views differ.,政治观点各异。
poor,qg,贫穷的,having little money,/pʊɹ/,手里资源很少，生活被缺乏紧紧限制。,A poor family.,贫穷的家庭。
possible,qg,可能的,able to happen,/ˈpɑsəbəl/,门还没有关上，事情仍有发生的路。,Anything is possible.,一切皆有可能。
present,qg,现在的;在场的,current or here,/ˈpɹɛzənt/,此刻就在这里，不在过去也不在远处。,All are present today.,今天全都到了。
private,qg,私人的,not public,/ˈpɹaɪvət/,被围起来只属个人，不向公众敞开。,A private room.,私人房间。
probable,qg,很可能的,likely to happen,/ˈpɹɑbəbəl/,事情正朝某个结果倾斜，很可能会落在那里。,A probable cause.,很可能的原因。
quick,qg,快的,moving fast,/kwɪk/,动作一下完成，时间被压得很短。,A quick answer.,快速回答。
quiet,qg,安静的,making little noise,/ˈkwaɪət/,声音被放低，周围进入平稳安静。,A quiet room.,安静的房间。
ready,qg,准备好的,prepared,/ˈɹɛdi/,所需已经摆好，只等下一步开始。,Are you ready?,你准备好了吗?
red,qg,红色的,color of blood,/ɹɛd/,像血和火一样醒目，带着强烈热色。,A red apple.,红苹果。
regular,qg,规律的,happening at fixed times,/ˈɹeɪɡjəlɝ/,按固定节拍反复出现，不乱也不断。,Regular exercise helps.,规律锻炼有助健康。
responsible,qg,负责的,having a duty,/ɹiˈspɑnsəbəl/,任务落在肩上，结果需要由自己承担。,You are responsible.,你要负责。
right,qg,对的;右的,correct or opposite of left,/ɹaɪt/,方向或判断正好对上，没有偏离应有位置。,You are right.,你对了。
round,qg,圆的,shaped like a ball,/ɹaʊnd/,边缘一路弯回自身，没有尖角伸出。,A round table.,一张圆桌。
same,qg,相同的,not different,/seɪm/,两边对照不出差别，像同一个模子出来。,We have the same idea.,我们想法一样。
second,qg,第二的,after the first,/ˈsɛkənd/,紧跟第一之后，排在下一个位置。,On the second day.,第二天。
separate,qg,分开的,not joined,/ˈsɛpɹət/,彼此不再相连，各自站在自己的边界里。,Keep them separate.,把它们分开。
serious,qg,严肃的,important or not playful,/ˈsɪɹiəs/,分量压下来，不能当作玩笑轻轻带过。,A serious problem.,严重的问题。
sharp,qg,锋利的,with a fine edge,/ʃɑɹp/,边缘或感觉很尖，能一下刺入或切开。,A sharp knife.,锋利的刀。
smooth,qg,光滑的,having even surface,/smuð/,表面顺滑无阻，手和动作都能轻轻滑过。,Smooth as silk.,丝一般光滑。
sticky,qg,粘的,likely to stick,/ˈstɪki/,一碰就黏住，想分开时会被拉扯。,Sticky fingers.,粘乎乎的手指。
stiff,qg,僵硬的,hard to bend,/stɪf/,身体或材料绷直，不愿弯也不容易动。,A stiff neck.,脖子僵硬。
straight,qg,直的,without curves,/stɹeɪt/,沿一条正线前进，没有弯曲和绕路。,Walk in a straight line.,走直线。
strong,qg,强壮的,having great power,/stɹɔŋ/,里面力量结实，能承受压力并推动事物。,A strong man.,一个强壮的人。
sudden,qg,突然的,happening quickly,/ˈsʌdən/,没有预告地一下出现，把时间猛地打断。,A sudden change.,突然的变化。
sweet,qg,甜的,having sugar taste,/swit/,味道柔和像糖，也让心里感到舒服。,This cake is sweet.,这蛋糕很甜。
tall,qg,高的,of more than average height,/tɔl/,身体从地面向上长得高，超过周围。,A tall man.,一个高个子男人。
thick,qg,厚的,having great width,/θɪk/,两面之间距离大，层层堆得很实。,A thick book.,一本厚书。
tight,qg,紧的,firmly held,/taɪt/,空间被压紧，几乎没有松动余地。,A tight grip.,紧紧抓住。
tired,qg,疲倦的,in need of rest,/ˈtaɪɝd/,力量被用掉，身体只想停下休息。,I'm tired today.,我今天很累。
true,qg,真的,in agreement with fact,/tɹu/,与事实正好相合，不是伪装出来的样子。,It's a true story.,这是个真实的故事。
violent,qg,暴力的,using great force,/ˈvaɪələnt/,力量猛地爆开，带着伤害和失控冲击。,A violent storm.,狂风暴雨。
waiting,qg,等候的,staying in expectation,/ˈweɪtɪŋ/,动作先停住，把时间留给将要发生的事。,The waiting room.,候诊室。
warm,qg,温暖的,slightly hot,/wɔɹm/,热度轻轻贴近，不烫却让人感到舒展。,Warm weather.,暖和的天气。
wet,qg,湿的,covered with water,/wɛt/,表面带着水分，摸上去有潮润感觉。,My clothes are wet.,我衣服湿了。
wide,qg,宽的,large from side to side,/waɪd/,左右打开很大，给出更多横向空间。,A wide river.,宽阔的河流。
wise,qg,明智的,having good judgment,/waɪz/,看得深又判断稳，知道怎样做才合适。,A wise old man.,睿智的老人。
yellow,qg,黄色的,color of sun and gold,/ˈjɛloʊ/,像阳光和熟麦的颜色，明亮而偏暖。,A yellow flower.,一朵黄花。
young,qg,年轻的,not old,/jʌŋ/,生命还在早段，带着新鲜和未完成。,A young boy.,一个小男孩。
awake,qo,醒着的,not sleeping,/əˈweɪk/,睡意退去，意识打开并能回应周围。,I'm wide awake.,我完全醒着。
bad,qo,坏的,not good,/bæd/,状态偏向损害，让人感到不对或不该要。,Bad weather.,坏天气。
bent,qo,弯曲的,not straight,/bɛnt/,原本该直的东西弯过去，方向被折转。,A bent nail.,弯了的钉子。
bitter,qo,苦的,having sharp unpleasant taste,/ˈbɪtɝ/,味道像药一样苦，心里也带着涩意。,Bitter coffee.,苦咖啡。
blue,qo,蓝色的,color of the sky,/blu/,像晴空和深水的颜色，清冷向远处展开。,A blue dress.,一条蓝裙子。
certain,qo,确定的,sure,/ˈsɝtən/,心里没有摇摆，事情被认定为稳实。,I am certain.,我很确定。
cold,qo,冷的,low temperature,/koʊld/,热量被抽走，身体和空气都收紧。,Cold water.,冷水。
complete,qo,完整的,having all parts,/kəmˈplit/,缺口被补齐，所有部分都已经到位。,A complete set.,一整套。
cruel,qo,残忍的,causing pain on purpose,/ˈkɹuəl/,对痛苦没有怜悯，力量冷硬地压过去。,A cruel act.,残忍的行为。
dark,qo,黑暗的,with little light,/dɑɹk/,光线退场，形状被阴影吞没难以看清。,A dark night.,漆黑的夜。
dead,qo,死的,no longer alive,/dɛd/,生命停止运转，不再生长呼吸回应。,The flowers are dead.,花死了。
dear,qo,亲爱的;昂贵的,loved or costly,/dɪɹ/,在心里分量很重，值得珍惜也代价不低。,My dear friend.,我亲爱的朋友。
delicate,qo,精致的,easily damaged,/ˈdɛləkət/,细薄精巧，经不起粗手粗脚的碰撞。,Delicate glass.,易碎的玻璃。
different,qo,不同的,not the same,/ˈdɪfɝənt/,放在一起比较，样子或性质明显不一样。,A different idea.,不同的想法。
dirty,qo,脏的,not clean,/ˈdɝti/,表面沾上污物，清爽感被杂质破坏。,Dirty hands.,脏手。
dry,qo,干的,not wet,/dɹaɪ/,水分被拿走，表面没有湿润留下。,Dry clothes.,干衣服。
false,qo,虚假的,not true,/fɔls/,外表像真的，里面却和事实不相合。,A false statement.,虚假声明。
feeble,qo,虚弱的,weak,/ˈfibəl/,力量很薄弱，稍有压力就难以支撑。,A feeble old man.,虚弱的老人。
female,qo,女性的,of the woman sex,/ˈfimeɪl/,带着雌性身份，与生育角色中的女方相连。,A female doctor.,女医生。
foolish,qo,愚蠢的,showing poor judgment,/ˈfulɪʃ/,判断像没看清路，做出不合道理的事。,A foolish mistake.,愚蠢的错误。
future,qo,未来的,of time to come,/ˈfjutʃɝ/,还在前方未到来，等待时间把它带近。,Future plans.,未来的计划。
green,qo,绿色的,color of grass,/ɡɹin/,像新叶青草的颜色，带着生长气息。,Green leaves.,绿叶。
ill,qo,生病的,not well,/ɪl/,身体或状态出了毛病，被不适拖住。,He is ill in bed.,他病了卧床。
last,qo,最后的,after all others,/læs/,排在最后，前面的都过去后才轮到它。,The last day.,最后一天。
late,qo,迟的,after expected time,/leɪt/,超过应到的时刻，时间已经落在后面。,Sorry I'm late.,抱歉我迟到了。
left,qo,左的,opposite of right,/lɛft/,站在右边对面的一侧，也可表示剩下未走。,Turn left.,左转。
loose,qo,松的,not tight,/lus/,束缚没有拉紧，留出晃动和脱开的空间。,Loose clothes.,宽松的衣服。
loud,qo,大声的,making much sound,/laʊd/,声音力量很大，冲进耳朵占满周围。,Loud music.,大声的音乐。
low,qo,低的,close to the ground,/loʊ/,位置靠近底部，离高处还有很远。,A low ceiling.,矮天花板。
mixed,qo,混合的,made of different things,/mɪkst/,不同成分搅在一起，界线不再清楚。,Mixed feelings.,心情复杂。
narrow,qo,狭窄的,small from side to side,/ˈnæɹoʊ/,两边靠得很近，只剩细细通道。,A narrow road.,狭窄的路。
old,qo,老的,having lived long,/oʊld/,经历了很长时间，带着使用和岁月痕迹。,My old grandfather.,我的老爷爷。
opposite,qo,相反的,completely different,/ˈɑpəzət/,站在正相反一边，方向彼此对着。,The opposite direction.,相反方向。
public,qo,公共的,open to all,/ˈpʌblɪk/,门向众人打开，不只属于某个私人角落。,A public park.,公园。
rough,qo,粗糙的,not smooth,/ɹʌf/,表面不平顺，摸上去有阻力和棱角。,Rough hands.,粗糙的手。
sad,qo,悲伤的,feeling unhappy,/sæd/,心往下沉，像失去光亮和期待。,A sad story.,悲伤的故事。
safe,qo,安全的,free from harm,/seɪf/,危险被隔在外面，里面可以安心停留。,Stay safe.,注意安全。
secret,qo,秘密的,hidden from others,/ˈsikɹət/,信息被藏起来，只让少数人知道。,A secret garden.,秘密花园。
short,qo,短的,of small length,/ʃɔɹt/,从头到尾距离小，时间或长度很快结束。,A short walk.,短暂的散步。
shut,qo,关着的,closed,/ʃʌt/,入口被合上，内外被一道界线分开。,The door is shut.,门关着。
simple,qo,简单的,not complex,/ˈsɪmpəl/,部分很少，路线直接，容易一眼明白。,A simple answer.,简单的答案。
slow,qo,慢的,not fast,/sloʊ/,动作把时间拉长，一步一步才往前。,A slow turtle.,慢吞吞的乌龟。
small,qo,小的,not large,/smɔl/,占的空间很少，分量和范围都缩着。,A small house.,小房子。
soft,qo,柔软的,easy to press,/sɑft/,受力会让步，触感温和不顶人。,A soft pillow.,软枕头。
solid,qo,固体的,not liquid or gas,/ˈsɑləd/,内部充实成块，不是空的也不易散。,Solid rock.,坚硬的岩石。
special,qo,特别的,different from usual,/ˈspɛʃəl/,从普通之中被挑出，带着独有标记。,A special day.,特别的日子。
strange,qo,奇怪的,unusual or unknown,/stɹeɪndʒ/,不合熟悉经验，让人停下来多看一眼。,A strange noise.,奇怪的声音。
thin,qo,瘦的;薄的,not thick,/θɪn/,两面距离很小，像一层轻薄的片。,A thin slice.,薄薄一片。
white,qo,白色的,color of snow,/waɪt/,光被铺开成最亮净色，没有其他颜色压住。,White clouds.,白云。
wrong,qo,错的,not correct,/ɹɔŋ/,走偏了应有方向，和正确位置不相合。,A wrong answer.,错误答案。
